type	source	reference	generated	failure_type
good	نارمنز زیادہ تر آئرلینڈ کے مشرق میں ایک علاقے میں آباد ہوئے، جسے بعد میں پیلی کے نام سے جانا جاتا ہے	1169 میں نارمنز نے کس ملک پر حملہ کیا؟	نارمنز کس براعظم میں کس علاقے میں آباد ہوئے؟
good	ایک کمپیوٹیشنل مسئلہ کو ایک ایسا کام سمجھا جاتا ہے جو اصولی طور پر کمپیوٹر کے ذریعہ حل کرنے کے قابل ہو	ایک ایسے کام کے لئے اصطلاح کیا ہے جو عام طور پر خود کو کمپیوٹر کی طرف سے حل کرنے کے لئے قرض دیتا ہے؟	کیا طور پر ایک کمپیوٹر کی طرف سے حل کیا جا سکتا ہے؟
good	قابل ذکر مثالوں میں سفر کرنے والے سیلزمین کا مسئلہ اور انٹیجر فیکٹرائزیشن مسئلہ شامل ہیں	سفر کرنے والے بیچنے والے کے مسئلے کے علاوہ، فنکشن کے مسئلے کی ایک اور مثال کیا ہے؟	ایک قابل ذکر الگورتھم کیا ہے جو انہوں کے ساتھ سفر کرنے کے قابل بناتا ہے؟
good	کمپیوٹنگ پیچیدگی نظریہ کا ایک کردار یہ ہے کہ کمپیوٹر کیا کرسکتا ہے اور کیا نہیں کرسکتا	روزانہ کمپیوٹنگ میں مسائل کی پیچیدگی کی تعریف کیا عملی کردار ادا کرتی ہے؟	کمپیوٹنگ کیا ہے؟
bad	ہیوسٹن، ٹیکساس میں پیدا ہوئی اور اس کی پرورش ہوئی، اس نے بچپن میں مختلف گانے اور رقص کے مقابلوں میں پرفارم کیا، اور 1990 کی دہائی کے آخر میں R&B گرل گروپ ڈسٹنی چائلڈ کے لیڈ گلوکار کی حیثیت سے شہرت حاصل کی	بیونس نے کب مقبولیت حاصل کرنا شروع کی؟	بیونس نے 1990 میں کون سا گانا حاصل کیا؟	wrong question word (should ask "kab/when", asked "which song" instead)
bad	1066 میں، نورمنڈی کے ڈیوک ولیم دوم نے ہیسٹنگس کی لڑائی میں بادشاہ ہیرالڈ دوم کو مار کر انگلینڈ پر فتح حاصل کی	ہیرالڈ دوم کو کس نے مارا؟	کس بادشاہ بادشاہ نے بادشاہ کو بادشاہ نے شکست دی؟	repetition (word "بادشاہ" repeated 4 times)
bad	بازنطینی جنرل کی حیثیت سے خدمات انجام دینے والے پہلے نارمن مزدوروں میں سے ایک 1050 کی دہائی میں ہروی تھا	ہروی نے کب بازنطینی جنرل کی حیثیت سے خدمات انجام دیں؟	نمیبیا میں پہلی بار کب پہنچا؟	hallucinated entity ("Namibia" appears from nowhere)
bad	کچھ نارمنوں نے ترکی کی افواج میں شمولیت اختیار کی تاکہ دور مشرقی اناطولیہ میں آرمینیائی وابستہ ریاستوں کی تباہی میں مدد کی جاسکے	نارمنز نے اناطولیہ میں کس کے ساتھ تعاون کیا؟	کچھوںوں نے کسوں میں کس ادارے میں شمولیت اختیار کی؟	garbled/malformed words ("کچھوںوں", "کسوں")
bad	نارمن آرٹ کا اب تک کا سب سے مشہور کام بییوکس ٹیپسٹری ہے، جو ٹیپسٹری نہیں بلکہ کڑھائی کا کام ہے	نارمن آرٹ کا سب سے مشہور ٹکڑا کیا ہے؟	نارمن آرٹ آرٹ اب اب بھی کام کام کرتا ہے؟	repetition + malformed grammar
good	دریں اثنا، انہوں نے پیٹرا، دریا ڈیابولس کے کنارے ملی کے قلعے، گلاوینیکا، کینینا اور یریحو پر قبضہ کرلیا	پیٹریلا کس دریا کے کنارے واقع تھا؟	چولا دریا کس دریا کے قریب تھا؟
