source	reference	greedy	beam
نارمن (Norman: Nourmands؛ French: Normands؛ Latin: Normanni) وہ لوگ تھے جنہوں نے 10 ویں اور 11 ویں صدیوں میں <ans> فرانس </ans> کے ایک خطے نارمنڈی کو اپنا نام دیا۔	نارمنڈی کس ملک میں واقع ہے؟	نارمن کس کس ملک کے نام پر رکھا گیا تھا؟	نارمن کا نام کس کے نام پر رکھا گیا تھا؟
نارمنز (Norman: Nourmands؛ French: Normands؛ Latin: Normanni) وہ لوگ تھے جنہوں نے <ans> دسویں اور گیارہویں صدیوں </ans> میں فرانس کے ایک خطے نارمنڈی کو اپنا نام دیا۔	نارمنز نارمنڈی میں کب تھے؟	نارمنز کب کب کب کب گیا؟	نارمنز کب پیدا کیا گیا تھا؟
نارمن (Norman: Nourmands؛ French: Normands؛ Latin: Normanni) وہ لوگ تھے جنہوں نے <ans> دسویں اور گیارہویں صدیوں میں </ans> فرانس کے ایک خطے نارمنڈی کو اپنا نام دیا۔	نارمنز نارمنڈی میں کب تھے؟	نارمن کب کب کب گیا تھا؟	نارمن کب پیدا کیا گیا تھا؟
وہ <ans> ڈنمارک ، آئس لینڈ اور ناروے </ans> کے نارمن (نورمن نارمن سے آتا ہے) حملہ آوروں اور قزاقوں سے descended تھے ، جنہوں نے اپنے رہنما رولو کے تحت ، مغربی فرانس کے بادشاہ چارلس III کے ساتھ وفاداری کی قسم کھانے پر اتفاق کیا۔	نورس کس ملک سے پیدا ہوئے تھے؟	کون سے ممالک ممالک نے اسپین کے اپنے تعلقات کے  کی؟	کون سے ممالک ممالک نے اسپینوں کو  کے طور پر  کیا؟ تھا؟
وہ ڈنمارک ، آئس لینڈ اور ناروے کے نارمن (نورمن نارمن سے آتا ہے) حملہ آوروں اور قزاقوں سے descended تھے ، جنہوں نے اپنے رہنما <ans> رولو </ans> کے تحت ، مغربی فرانس کے بادشاہ چارلس III کے ساتھ وفاداری کی قسم کھانے پر اتفاق کیا۔	نورس لیڈر کون تھا؟	کون سا بادشاہ نے بادشاہ کے بادشاہ کے طور پر وفاداری کے طور پر؟	نپولین نے کون تھا؟
نارمن کی الگ ثقافتی اور نسلی شناخت ابتدائی طور پر <ans> دسویں صدی </ans> کے پہلے نصف میں سامنے آئی ، اور اس نے بعد کی صدیوں میں ترقی جاری رکھی۔	کس صدی میں نارمنز نے پہلی بار اپنی علیحدہ شناخت حاصل کی؟	نارمن اور ثقافتی ثقافتی ثقافتی ثقافت کب کب سامنے سامنے سامنے سامنے آئیں؟	نارمن اور ثقافتی ثقافتی ثقافتی ثقافت کب کب نمودار ہوئی؟
نارمن کی الگ ثقافتی اور نسلی شناخت ابتدائی طور پر <ans> دسویں صدی کے پہلے نصف </ans> میں سامنے آئی ، اور اس نے آنے والی صدیوں میں تیار ہونا جاری رکھا۔	کس صدی میں نارمنز نے پہلی بار اپنی علیحدہ شناخت حاصل کی؟	نارمن اور ثقافتی ثقافتی ثقافتی کب کب کب سامنے سامنے سامنے سامنے؟	نارمن اور ثقافتی ثقافتی ثقافتی ثقافتی کب کب کب سامنے آئیں؟
نارمن کی الگ ثقافتی اور نسلی شناخت ابتدائی طور پر <ans> دسویں </ans> صدی کے پہلے نصف میں سامنے آئی ، اور اس نے آنے والی صدیوں میں تیار ہونا جاری رکھا۔	کس صدی میں نارمنز نے پہلی بار اپنی علیحدہ شناخت حاصل کی؟	نارمن صدی میں ثقافتی ثقافت میں ثقافتی ثقافت کب سامنے سامنے آئیں؟	نارمن صدی میں ثقافتی طور ثقافتی ثقافتوں میں سے ایک کیا تھا؟
نارمن کی الگ ثقافتی اور نسلی شناخت ابتدائی طور پر <ans> دسویں </ans> صدی کے پہلے نصف میں سامنے آئی ، اور اس نے آنے والی صدیوں میں تیار ہونا جاری رکھا۔	کس صدی میں نارمنز نے پہلی بار اپنی علیحدہ شناخت حاصل کی؟	نارمن صدی میں ثقافتی ثقافت میں ثقافتی ثقافت کب سامنے سامنے آئیں؟	نارمن صدی میں ثقافتی طور ثقافتی ثقافتوں میں سے ایک کیا تھا؟
نارمن مہم جوئیوں نے جنوبی اٹلی کو سارسین اور بازنطینیوں پر فتح کرنے کے بعد روجر دوم کے تحت سسلی کی بادشاہی کی بنیاد رکھی ، اور ان کے ڈیوک ، <ans> ولیم فاتح </ans> کی طرف سے ایک مہم نے 1066 میں ہیسٹنگز کی لڑائی میں انگلینڈ کی نارمن فتح کی قیادت کی۔	ہیسٹنگس کی لڑائی میں ڈیوک کون تھا؟	کون سا کی قیادت کس نے کی؟	سٹسٹسٹ کی جنگ کس نے کی؟ کی قیادت کس نے کی؟
ڈچی آف نارمنڈی ، جسے انہوں نے فرانسیسی تاج کے ساتھ معاہدے کے ذریعہ تشکیل دیا ، قرون وسطی کے فرانس کا ایک عظیم فیوڈ تھا ، اور نارمنڈی کے <ans> رچرڈ اول </ans> کے تحت ایک مربوط اور خوفناک شہنشاہی میں تشکیل دیا گیا تھا۔	جو نورمنڈی کے ڈچی پر حکمرانی کی	قرون وسطی کے کس ڈچ کے تحت کس نے کس نے تحت ایک اتحاد قائم کیا؟	قرون وسطی کے تحت ڈچ کے کس نے تحت کس؟؟
نارمن اپنی جنگی روح اور بالآخر اپنی عیسائی عقیدت کے لئے مشہور تھے ، جو <ans> کیتھولک </ans> آرتھوڈوکس کے نمائندے بن گئے جس میں انہوں نے ہم آہنگ کیا۔	نارمنز کا مذہب کیا تھا؟	نارمن کے دوران کون مذہب کے مذہب بن گیا؟	نارمن کے کون سا مذہب غالب مذہب بن گیا؟
نارمن اپنی جنگی روح اور بالآخر اپنی عیسائی عقیدت کے لئے مشہور تھے ، جس میں وہ <ans> کیتھولک آرتھوڈوکس </ans> کے نمائندے بن گئے جس میں انہوں نے ہم آہنگ کیا۔	نارمنز کا مذہب کیا تھا؟	نارمن کے دوران کون کے مذہب کے طور پر کس نے؟	نارمن نے اپنی قربانیوں کے دوران کس مذہب کے دوران کس مذہب کے طور پر کیا کیا؟
نورمنڈی کا ڈچی ، جو <ans> 911 </ans> میں ایک فیوڈم کے طور پر شروع ہوا ، مغربی فرانس کے بادشاہ چارلس III اور مشہور وائکنگ حکمران رولو کے مابین سینٹ کلیئر سور ایپٹ کے معاہدے کے ذریعہ قائم کیا گیا تھا ، اور یہ سابقہ فرینک سلطنت نیوسٹریا میں واقع تھا۔	ڈچی آف نارمنڈی کی بنیاد کب رکھی گئی تھی؟	یییی کا کب کب شروع ہوا؟	ڈنییی ڈچ کس سال کس سال شروع کیا گیا تھا؟
ڈچی آف نارمنڈی ، جو 911 میں ایک فیوڈم کے طور پر شروع ہوا ، مغربی فرانس کے <ans> بادشاہ چارلس III </ans> اور مشہور وائکنگ حکمران رولو کے مابین سینٹ کلیئر سور ایپٹ کے معاہدے کے ذریعہ قائم کیا گیا تھا ، اور یہ سابقہ فرینک بادشاہت نیوسٹریا میں واقع تھا۔	رولو نے سینٹ کلیئر سور ایپٹ کے معاہدے پر کس کے ساتھ دستخط کیے؟	کس سا بادشاہ ڈچ کے ساتھ ساتھ، جس نے ایک ڈچ کے ساتھ کے ساتھ ایک اور؟	کون سا کے ساتھ ساتھ، جس کے ساتھ ڈچ کے ساتھ کے طور پر قائم کیا گیا تھا؟
یہ علاقہ موجودہ اپر نارمنڈی کے شمالی حصے سے نیچے دریائے <ans> سین </ans> تک تھا ، لیکن ڈچی بالآخر سین سے باہر مغرب میں پھیل جائے گی۔	کون سا دریا اصل میں ڈچی کی حد بندی کرتا تھا	اپر اپر کس شمالی ساحل پر واقع تھا؟	اپر اپر کس شمالی ساحل پر واقع تھا؟
معاہدے نے رولو اور اس کے مردوں کو مزید وائکنگ حملے کے خلاف تحفظ کے بدلے میں دریا <ans> ایپٹ </ans> اور بحر اوقیانوس کے ساحل کے درمیان فرانسیسی زمینیں پیش کیں۔	کون سا دریا اصل میں ڈچی کی حد بندی کرتا تھا	معاہدے نے کس دریا کے دریا کے؟	اس معاہدے کا نام کیا تھا جو
<ans> رولو </ans> کی آمد سے پہلے ، اس کی آبادی پکارڈی یا آئل ڈی فرانس سے مختلف نہیں تھی ، جسے فرینک سمجھا جاتا تھا۔	پہنچنے پر کس نے اصل وائکنگ آباد کاروں کو ایک مشترکہ شناخت دی؟	کون سا کی آبادی کی سے پہلے آبادی کی سے الگ نہیں تھی؟	کس کی کی آبادی آبادی میں سے ایک کیا تھی؟
زیادہ تر نارمن شورویروں کو غریب اور زمین کی بھوک لگی رہی ، اور 1066 تک نارمنڈی ایک نسل سے زیادہ عرصے سے <ans> لڑنے والے گھوڑوں </ans> کی برآمد کر رہا تھا۔	نارمن کی اہم برآمدات میں سے ایک کیا تھا؟	زیادہ سے زیادہ غلاموں کو کیا کرنے کی کوشش کر رہا تھا؟	بہت سے بڑے پیمانے پر غلاموں کو کیا کرنے کی کوشش کر رہا تھا؟
نارمنوں کے اٹلی میں داخل ہونے کے فورا بعد ، وہ بازنطینی سلطنت اور پھر آرمینیا میں داخل ہوئے ، پیچنیگس ، بلغاروں اور خاص طور پر <ans> سلجک ترکوں </ans> کے خلاف لڑے۔	اٹلی میں نارمنز کا بنیادی دشمن کون تھا، بازنطینی سلطنت اور آرمینیا؟	بعد سے دووں نےوں کو کس نے خلاف کیا؟	کاروں کے ساتھ ساتھ، کونوں نے کون سے دوسرے گروپوں کو کنٹرول کیا؟
نارمنز نے اٹلی میں داخل ہونا شروع کرنے کے فورا بعد ، وہ بازنطینی سلطنت اور پھر آرمینیا میں داخل ہوئے ، <ans> پیچنیگس ، بلغارین ، اور خاص طور پر سلجک ترکوں </ans> کے خلاف لڑتے ہوئے۔	اٹلی میں نارمنز کا بنیادی دشمن کون تھا، بازنطینی سلطنت اور آرمینیا؟	ز نے نے کس سلطنت کے خلاف کس کو کس کیا؟	زمن نے کس سلطنت کے خلافے میں کس کیا؟
نارمنوں کے اٹلی میں داخل ہونے کے فورا بعد ، وہ بازنطینی سلطنت اور پھر آرمینیا میں داخل ہوئے ، پیچنیگس ، بلغاروں اور خاص طور پر <ans> سلجک ترکوں </ans> کے خلاف لڑے۔	اٹلی میں نارمنز کا بنیادی دشمن کون تھا، بازنطینی سلطنت اور آرمینیا؟	بعد سے دووں نےوں کو کس نے خلاف کیا؟	کاروں کے ساتھ ساتھ، کونوں نے کون سے دوسرے گروپوں کو کنٹرول کیا؟
بازنطینی جنرل کی حیثیت سے خدمات انجام دینے والے پہلے نارمن مزدوروں میں سے ایک <ans> 1050 کی دہائی </ans> میں ہروی تھا۔	ہروی نے کب بازنطینی جنرل کی حیثیت سے خدمات انجام دیں؟	کس سال میں میں جنرلوں کی پہلی بار کب میں؟	نمیبیا میں پہلی بار کب پہنچا؟
بازنطینی جنرل کی حیثیت سے خدمات انجام دینے والے پہلے نارمن مزدوروں میں سے ایک ہروی <ans> 1050 کی دہائی میں </ans> تھا۔	ہروی نے کب بازنطینی جنرل کی حیثیت سے خدمات انجام دیں؟	نمیبیا میں پہلا جنرل کب کب ہوا؟	نمیبیا میں پہلا جنرل کب کب ہوا؟
بازنطینی جنرل کی حیثیت سے خدمات انجام دینے والے پہلے نارمن مزدوروں میں سے ایک ہروی <ans> 1050 کی دہائی میں </ans> تھا۔	ہروی نے کب بازنطینی جنرل کی حیثیت سے خدمات انجام دیں؟	نمیبیا میں پہلا جنرل کب کب ہوا؟	نمیبیا میں پہلا جنرل کب کب ہوا؟
<ans> 1060 کی دہائی </ans> میں ، رابرٹ کرسپین نے ترکوں کے خلاف ایڈیسا کے نارمنز کی قیادت کی۔	جب رابرٹ Crispin ترکوں کے خلاف چلا گیا؟	منگ کرن کے خلاف بوہیمین کے ساتھ ساتھ کب ہوا؟	منگ کرن کے خلاف بوہیمین کی قیادت کب ہوئی؟
<ans> 1060 کی دہائی میں </ans> ، رابرٹ کرسپین نے ترکوں کے خلاف ایڈیسا کے نارمنز کی قیادت کی۔	جب رابرٹ Crispin ترکوں کے خلاف چلا گیا؟	منگ کرن کے خلافوں نے خلاف کب کے ساتھ کب لڑی؟	منگ کرن کے خلافوں کے خلاف گر گیا؟
<ans> 1060 کی دہائی میں </ans> ، رابرٹ کرسپین نے ترکوں کے خلاف ایڈیسا کے نارمنز کی قیادت کی۔	جب رابرٹ Crispin ترکوں کے خلاف چلا گیا؟	منگ کرن کے خلافوں نے خلاف کب کے ساتھ کب لڑی؟	منگ کرن کے خلافوں کے خلاف گر گیا؟
روسل ڈی بیلول نے یہاں تک کہ مقامی آبادی کی حمایت سے ایشیاء مائنر میں ایک آزاد ریاست بنانے کی کوشش کی ، لیکن اسے بازنطینی جنرل <ans> الیکسیس کومنیوس </ans> نے روک دیا۔	کون ایک آزاد ریاست کے لئے Roussel ڈی Bailleul کے منصوبوں کو برباد کر دیا؟	روس نے جنرل جنرل کس نے دیا؟	اس جنرل جنرل کا نام کیا تھا جس نے وجہ سے اس کی حمایت کی تھی؟
انہوں نے یہاں تک کہ اپنے قلعے کے نام کو اپنی نسلیت دی: <ans> افرانجی </ans> ، جس کا مطلب فرینکس ہے۔	نارمن قلعے کا نام کیا تھا؟	اپنے اپنے نامے کے نام کیا کے اپنے نامے کے نام کیا ہے؟	قذافی نے اپنے آپ کو کیا کہا؟
<ans> اورسل </ans> نامی ایک نارمن نے شمالی شام میں اوپری فرات کی وادی میں فرینکس کی ایک فورس کی قیادت کی۔	فرینکس جب فرات کی وادی میں داخل ہوئے تو ان کا رہنما کون تھا؟	کون سا شہر ایک صوبے میں کی وادی کی قیادت کی قیادت کی؟	شمالی کیرولائنا میں کون کی وادی کی قیادت کی قیادت کس نے کی؟
کچھ نارمنوں نے <ans> ترکی کی افواج </ans> میں شمولیت اختیار کی تاکہ دور مشرقی اناطولیہ میں آرمینیائی وابستہ ریاستوں ساسون اور تارون کی تباہی میں مدد کی جاسکے۔	نارمنز نے اناطولیہ میں کس کے ساتھ تعاون کیا؟	کچھوںوں نے کس میں میں کس فوجی ادارے میں شامل اختیار کی؟	کچھوںوں نے کسوں میں کس ادارے میں شمولیت اختیار کی؟
بازنطینی یونان کے کئی خاندان کمینیئن بحالی کی مدت کے دوران <ans> نارمن مزدور </ans> نژاد تھے ، جب بازنطینی شہنشاہ مغربی یورپی جنگجوؤں کی تلاش کر رہے تھے۔	Raouliii خاندان کی ابتداء کیا تھی؟	بازنطینی کے کے دوران کون سے کے دوران کون سا؟	بازنطینی روم کے دوران کون کے دوران کون کے دوران کون تھے؟
راولی <ans> راول نامی ایک اطالوی-نورمن </ans> سے descended تھے ، پیٹرلیفی ایک پیئر ڈی اولپس سے descended تھے ، اور البانیائی قبائل کا وہ گروپ جسے منیکیٹس کے نام سے جانا جاتا ہے وہ نارمنوں سے descended تھے جنہوں نے 1038 کی سسلی مہم میں جارج منیاسس کے تحت خدمات انجام دیں۔	Raouliii خاندان کی ابتداء کیا تھی؟	رارا سامورائی کس سے سے تھے؟	رارا سامورائی کس سے سے تھے؟
راولی <ans> راول نامی ایک اطالوی-نارمن سے تعلق رکھتے تھے </ans> ، پیٹرلیفی ایک پیئر ڈی اولپس سے تعلق رکھتے تھے ، اور البانیائی قبائل کا وہ گروپ جسے منیکیٹس کے نام سے جانا جاتا ہے وہ نارمنوں سے تعلق رکھتا تھا جنہوں نے 1038 کی سسلی مہم میں جارج منیاسس کے تحت خدمات انجام دیں۔	Raouliii خاندان کی ابتداء کیا تھی؟	رارارا کس قسم کی آب و ہوا؟	رارارا کا نام کیا تھا؟
<ans> رابرٹ گسکارڈ </ans> ، ایک اور نارمن مہم جوئی جو پہلے اپنی فوجی کامیابیوں کے نتیجے میں اپولیا کے کاؤنٹ کی وقار کو بلند کیا گیا تھا ، نے بالآخر بازنطینیوں کو جنوبی اٹلی سے باہر نکال دیا۔	Apulia کے کاؤنٹ کا نام کیا تھا	کون سا کے ساتھ ساتھ، کون سا میں کون سا پتھر نے کو جلاوطن کیا؟	جو اٹلی میں کون کے بعدوں کو کس نے دریافت کیا گیا تھا؟
شہر کی گارنیشن نے فروری <ans> 1082 </ans> تک مزاحمت کی ، جب وہاں آباد وینس اور املفیٹن تاجروں نے ڈیرراچیم کو نارمنز کے حوالے کردیا۔	Dyrrachium نارمنوں کو کب گر گیا؟	کس سال میں پلائیماؤتھ نے نے سال میں کی؟	کس سال میں سان ڈیاگو نے کس سال ختم کیا گیا تھا؟
شہر کی گارنیشن نے <ans> فروری 1082 </ans> تک مزاحمت کی ، جب وہاں آباد وینس اور املفیٹن تاجروں نے ڈیرراچیم کو نارمنوں کے ساتھ دھوکہ دیا تھا۔	Dyrrachium نارمنوں کو کب گر گیا؟	کس سال میں پلائیماؤتھ نے نے نے کی کی؟	کس سال میں پلائیماؤتھ نے نے کی کی کی؟ کی؟ کی؟
شہر کی گارنیشن نے <ans> فروری 1082 </ans> تک مزاحمت کی ، جب وہاں آباد وینس اور املفیٹن تاجروں نے ڈیرراچیم کو نارمنوں کے ساتھ دھوکہ دیا تھا۔	Dyrrachium نارمنوں کو کب گر گیا؟	کس سال میں پلائیماؤتھ نے نے نے کی کی؟	کس سال میں پلائیماؤتھ نے نے کی کی کی؟ کی؟ کی؟
کروشیا اور ڈلمیٹیا کے کیتھولک شہروں کے ساتھ اتحاد کرنے کے بعد ، 1081 میں اس نے 300 بحری جہازوں میں <ans> 30،000 </ans> مردوں کی ایک فوج کی قیادت کی جو البانیہ کے جنوبی ساحل پر اتری ، والونا ، کینینا ، یریحو (اوریکومی) پر قبضہ کرلی ، اور متعدد لوٹ مار کے بعد بٹرنٹ پہنچی۔	رابرٹ کی فوج میں کتنے آدمی تھے؟	اس نے کتنے بحری جہازوں کے ساتھے میں فوج کی؟	نپولین نے کتن میں کتنے آدمیوں کی فوج کی؟
دریں اثنا ، انہوں نے پیٹرا ، دریا <ans> ڈیابولس </ans> کے کنارے ملی کے قلعے ، گلاوینیکا (بالش) ، کینینا اور یریحو پر قبضہ کرلیا۔	نارمنز اور بازنطینیوں نے امن معاہدے پر کہاں دستخط کیے؟	چولا دریا کس دریا کے قریب تھا؟	اس دریا کا نام کیا ہے؟
پہلی صلیبی جنگ کے چند سال بعد ، 1107 میں ، رابرٹ کے بیٹے <ans> بوہیمنڈ </ans> کی کمانڈ میں نارمنز والونا میں اتریں اور اس وقت کے سب سے نفیس فوجی سازوسامان کا استعمال کرتے ہوئے ڈیرراچیم کا محاصرہ کیا ، لیکن اس سے کوئی فائدہ نہیں ہوا۔	رابرٹ کا بیٹا کون تھا؟	کون سا ہنگری میں بیٹا بیٹے کا بیٹا کون تھا؟	الیگزینڈر کے بیٹے کا بیٹا کون تھا؟
دریں اثنا ، انہوں نے پیٹرا ، دریا <ans> ڈیابولس </ans> کے کنارے ملی کے قلعے ، گلاوینیکا (بالش) ، کینینا اور یریحو پر قبضہ کرلیا۔	پیٹریلا کس دریا کے کنارے واقع تھا؟	چولا دریا کس دریا کے قریب تھا؟	اس دریا کا نام کیا ہے؟
دریں اثنا ، انہوں نے پیٹریلا ، <ans> دریائے ڈیابولس </ans> کے کنارے ملی کے قلعے ، گلاوینیکا (بالش) ، کینینا اور یریحو پر قبضہ کرلیا۔	پیٹریلا کس دریا کے کنارے واقع تھا؟	سروں کے کس حکمران کے کس کے کے قلعے کے تھے؟	اس حکمران کا نام کیا ہے؟
بازنطینی ریاست کے مزید زوال نے <ans> 1185 </ans> میں تیسرے حملے کی راہ ہموار کی ، جب ایک بڑی نارمن فوج نے اعلی بازنطینی عہدیداروں کے غداری کی وجہ سے ڈیرراچیم پر حملہ کیا۔	نارمنز نے ڈیرراچیم پر کب حملہ کیا؟	کس سال میں ریاستہائے متحدہ نے فوج کی فوج پر حملہ کیا؟	کس سال ریاستہائے متحدہ کی فوج کے لئےے پر؟
بازنطینی ریاست کے مزید زوال نے <ans> 1185 میں </ans> تیسرے حملے کی راہ ہموار کی ، جب ایک بڑی نارمن فوج نے اعلی بازنطینی عہدیداروں کے غداری کی وجہ سے ڈیرراچیم پر حملہ کیا۔	نارمنز نے ڈیرراچیم پر کب حملہ کیا؟	کتنےےےے نےے کیے؟	ریاستہائے متحدہ میں کتنے کتنےےے؟
بازنطینی ریاست کے مزید زوال نے 1185 میں تیسرے حملے کی راہ ہموار کی ، جب ایک بڑی نارمن فوج نے اعلی بازنطینی عہدیداروں کے غداری کی وجہ سے <ans> ڈیرریچیم </ans> پر حملہ کیا۔	بحری اڈے کو کیا کہا جاتا تھا؟	کون فوج نے فوج فوج نے فوج فوج کی فوج پر حملہ کیا؟	کون فوج نے فوج نے فوج فوج نے کس فوج پر حملہ کیا؟
کچھ وقت بعد ، <ans> ایڈریٹک </ans> کے سب سے اہم بحری اڈوں میں سے ایک ، ڈراچیم دوبارہ بازنطینی ہاتھوں میں آگیا۔	Dyrrachium کہاں واقع تھا؟	کونuooeses میں ایک اہم کردار ادا کیا؟	کسuoooeseseseses میں ایک اہم کردار ادا کیا؟
کچھ وقت بعد ، <ans> ایڈریٹک </ans> کے سب سے اہم بحری اڈوں میں سے ایک ، ڈراچیم دوبارہ بازنطینی ہاتھوں میں آگیا۔	Dyrrachium کہاں واقع تھا؟	کونuooeses میں ایک اہم کردار ادا کیا؟	کسuoooeseseseses میں ایک اہم کردار ادا کیا؟
اس تعلقات نے بالآخر نارمنڈی کے ڈیوک رچرڈ دوم کی بہن ایما اور انگلینڈ کے <ans> کنگ ایتھلریڈ دوم </ans> کی شادی کے ذریعے خون کے قریبی تعلقات پیدا کیے۔	ایما نے کس سے شادی کی؟	فلپ دوم دوم کے کس شادی شادی کی شادی کی؟	فلپ دوم دوم نے کس شادی کی شادی شادی کی؟
اس تعلقات نے بالآخر ڈیوک رچرڈ دوم آف نارمنڈی کی بہن ایما اور انگلینڈ کے بادشاہ <ans> ایتھلریڈ دوم </ans> کی شادی کے ذریعے خون کے قریبی تعلقات پیدا کیے۔	ایما نے کس سے شادی کی؟	وکٹوریہ کی شادی کے شادی کی شادی کی شادی کی؟	وکٹوریہ کا کون بادشاہ کون تھا؟
اس تعلقات نے بالآخر نارمنڈی کے <ans> ڈوک رچرڈ دوم </ans> کی بہن ایما اور انگلینڈ کے بادشاہ ایتھلریڈ دوم کی شادی کے ذریعے خون کے قریبی تعلقات پیدا کیے۔	ایما کا بھائی کون تھا؟	پونٹاپونٹپونٹپونٹ دوم کی شادی کس نے کی؟	پونٹا دوم کی موت کی شادی کس نے کی؟
اس کی وجہ سے ، ایتھلریڈ 1013 میں <ans> نارمنڈی </ans> بھاگ گیا ، جب اسے سوین فورک بیئرڈ نے اپنی بادشاہی سے مجبور کردیا تھا۔	Ethelred کہاں بھاگ گیا؟	ایتھلاک کے بعد، کون سا بھاگ گیا؟	ایتھل 1013 میں 1013 میں بھاگ گیا؟
اس کی وجہ سے ، ایتھلریڈ 1013 میں نارمنڈی بھاگ گیا ، جب اسے <ans> سوینبی فورکارڈ </ans> نے اپنی بادشاہی سے مجبور کردیا تھا۔	کون Ethelred باہر لات مار دی؟	ایتھلتھکا نے 1087 میں کس نے کس؟	ایتھل 1013 کی وجہ سے کس نے سنبھالا؟
آخر کار جب ایڈورڈ کنفیسر اپنے سوتیلے بھائی <ans> ہارٹاکنوٹ </ans> کی دعوت پر 1041 میں اپنے والد کی پناہ گاہ سے واپس آیا تو اس نے اپنے ساتھ ایک نارمن تعلیم یافتہ ذہن لایا۔	ایڈورڈ Confessor کے سوتیلے بھائی کون تھا؟	جب وہ  والد والد کے والد تو وہ اس نے اس کی والد کے والد کی؟	جب وہ اپنی موت کی تو شوپن نے اس نے اسےذہ کے والد کس نے حاصل کیا؟
آخر کار جب ایڈورڈ کنفیسر اپنے سوتیلے بھائی ہارٹاکنوٹ کی دعوت پر <ans> 1041 </ans> میں اپنے والد کی پناہ گاہ سے واپس آیا تو اس نے اپنے ساتھ ایک نارمن تعلیم یافتہ ذہن لایا۔	ایڈورڈ کب واپس آیا؟	جب وہ والد والد والد اپنے والد میں اپنے والد میں واپس حاصل کی؟	جب  والد والد والد نے اپنے والد میں واپس لے لیا؟
آخر کار جب ایڈورڈ کنفیسر اپنے سوتیلے بھائی ہارٹاکنوٹ کی دعوت پر <ans> 1041 میں </ans> اپنے والد کی پناہ گاہ سے واپس آیا تو اس نے اپنے ساتھ ایک نارمن تعلیم یافتہ ذہن لایا۔	ایڈورڈ کب واپس آیا؟	جب وہ والد والد والد والد اپنے والد میں والد کی؟	جب  والد والد والد والد اپنے والد کے والد کے والد واپس آیا؟
اس نے <ans> رابرٹ آف جمیجیس </ans> کو کینٹربری کا آرک بشپ مقرر کیا اور رالف دی ٹمڈ ارل آف ہیرفورڈ بنا دیا۔	ایڈورڈ نے کس کو کینٹربری کا آرچ بشپ بنایا؟	آرریککککک نے کونکک کا آرچ بشپ کون تھا؟	آرریککک کا آرچ بشپ کون تھا؟
1066 میں ، ڈیوک ولیم دوم آف نارمنڈی نے انگلینڈ کو فتح کیا اور <ans> ہیسٹنگس کی لڑائی </ans> میں بادشاہ ہیرولڈ دوم کو مار ڈالا۔	ہیرالڈ دوم کہاں مر گیا؟	بادشاہ دوم دوم دوم دوم دوم دوم کو کس نے فتح کیا؟	بادشاہ دوم دوم دوم دوم دوم کو کس نے فتح کیا؟
1066 میں ، ڈیوک ولیم دوم آف نارمنڈی نے انگلینڈ پر فتح حاصل کی اور <ans> ہیسٹنگس کی لڑائی </ans> میں بادشاہ ہیرالڈ دوم کو مار ڈالا۔	ہیرالڈ دوم کہاں مر گیا؟	ولیم دوم دوم دوم دوم دوم دوم دوم کو کس بادشاہ میں بادشاہ کیا؟	ولیم دوم دوم دوم دوم دوم دوم کو کس نے شکست دی؟
1066 میں ، ڈیوک ولیم دوم آف نارمنڈی نے انگلینڈ پر فتح حاصل کی اور بادشاہ ہیرالڈ دوم کو <ans> ہیسٹنگس کی لڑائی میں </ans> مار ڈالا۔	ہیرالڈ دوم کہاں مر گیا؟	ولیم دوم دوم دوم دوم دوم دوم نے کس کیا؟	ولیم دوم دوم دوم دوم دوم دوم نے کہاں مارا؟
1066 میں ، نورمنڈی کے ڈیوک <ans> ولیم دوم </ans> نے ہیسٹنگس کی لڑائی میں بادشاہ ہیرالڈ دوم کو مار کر انگلینڈ پر فتح حاصل کی۔	ہیرالڈ دوم کو کس نے مارا؟	کس بادشاہ بادشاہ نے بادشاہ کو بادشاہ نے شکست دی؟	کون سا بادشاہ بادشاہ بادشاہ نے بادشاہ دوم کو شکست دی؟
1066 میں ، نارمنڈی کے <ans> ڈوک ولیم دوم </ans> نے ہیسٹنگس کی لڑائی میں بادشاہ ہیرالڈ دوم کو مار کر انگلینڈ پر فتح حاصل کی۔	ہیرالڈ دوم کو کس نے مارا؟	کس بادشاہ بادشاہ نے دوم کو انگلینڈ کو شکست دی؟	کون سا بادشاہ بریس دوم دوم دوم دوم کو شکست دی؟
1066 میں ، نارمنڈی کے <ans> ڈوک ولیم دوم </ans> نے ہیسٹنگس کی لڑائی میں بادشاہ ہیرالڈ دوم کو مار کر انگلینڈ پر فتح حاصل کی۔	ہیرالڈ دوم کو کس نے مارا؟	کس بادشاہ بادشاہ نے دوم کو انگلینڈ کو شکست دی؟	کون سا بادشاہ بریس دوم دوم دوم دوم کو شکست دی؟
<ans> 1066 میں </ans> ، نورمنڈی کے ڈیوک ولیم دوم نے ہیسٹنگس کی لڑائی میں بادشاہ ہیرالڈ دوم کو مار کر انگلینڈ پر فتح حاصل کی۔	ہیسٹنگس کی جنگ کب ہوئی تھی؟	کس سال میں چارلس دوم نے دوم دوم دوم دوم کی فتح فتح کی؟	کس سال میں چارلس دوم دوم دوم دوم دوم کو شکست دی؟
<ans> 1066 میں </ans> ، نورمنڈی کے ڈیوک ولیم دوم نے ہیسٹنگس کی لڑائی میں بادشاہ ہیرالڈ دوم کو مار کر انگلینڈ پر فتح حاصل کی۔	ہیسٹنگس کی جنگ کب ہوئی تھی؟	کس سال میں چارلس دوم نے دوم دوم دوم دوم کی فتح فتح کی؟	کس سال میں چارلس دوم دوم دوم دوم دوم کو شکست دی؟
حملہ آور نارمنز اور ان کی اولاد نے انگلینڈ کے حکمران طبقے کے طور پر <ans> اینگلو سیکسنز </ans> کی جگہ لے لی۔	نارمنوں سے پہلے حکمران طبقہ کون تھا؟	فرانس کے حکمرانوں نے حکمرانوں کے حکمران کے حکمران کے طور پر کس جگہ لے لی؟	نپولین نے حکمرانوں کے حکمرانوں کے حکمران کے حکمرانطور پر کس کی جگہ لے لی؟
حملہ آور نارمنز اور ان کی اولاد نے انگلینڈ کے حکمران طبقے کے طور پر <ans> اینگلو سیکسنز </ans> کی جگہ لے لی۔	نارمنوں سے پہلے حکمران طبقہ کون تھا؟	فرانس کے حکمرانوں نے حکمرانوں کے حکمران کے حکمران کے طور پر کس جگہ لے لی؟	نپولین نے حکمرانوں کے حکمرانوں کے حکمران کے حکمرانطور پر کس کی جگہ لے لی؟
اس کے نتیجے میں یہ <ans> جدید انگریزی </ans> میں تیار ہوا۔	اینگلو نارمن زبان کی آخری شکل کیا تھی؟	انگریزی زبان میں تیار ہونے والی زبان تیار تیار کی؟	انگریزی زبان کس زبان تیار تیار ہوا؟
<ans> 1169 </ans> میں بینو بے پر اپنے حملے کے بعد نارمنز نے آئرش ثقافت اور تاریخ پر گہرا اثر ڈالا۔	کس سال میں نارمنز نے بینو بے پر حملہ کیا؟	کس سال میں لارڈ پر پر حملہ کیا گیا تھا؟	کس سال میں لارڈ پر حملہ کیا گیا تھا؟
نارمنز زیادہ تر <ans> آئرلینڈ </ans> کے مشرق میں ایک علاقے میں آباد ہوئے ، جسے بعد میں پیلی کے نام سے جانا جاتا ہے ، اور ٹرم کیسل اور ڈبلن کیسل سمیت بہت سے عمدہ قلعے اور بستیوں کی تعمیر بھی کی۔	1169 میں نارمنز نے کس ملک پر حملہ کیا؟	نارمنز کس براعظم میں کس علاقے میں آباد ہوئے؟	نارمنز کس براعظم میں کس علاقے میں آباد ہوئے؟
نارمنز نے 1169 میں بینو بے پر اپنے حملے کے بعد <ans> آئرش </ans> ثقافت اور تاریخ پر گہرا اثر ڈالا۔	نارمنز نے آئرلینڈ میں کس ثقافت کے ساتھ امتزاج کیا؟	جب وہ نے پر پر حملہ کیا تو کیا ہوا؟	زو نے نے کس ثقافت پر کس اثر ڈالا؟
ولیم فاتح کی مخالفت کرنے والے انگریزی تخت کے دعویداروں میں سے ایک ، <ans> ایڈگر </ans> ایتھلنگ ، بالآخر اسکاٹ لینڈ بھاگ گیا۔	مارگریٹ کا بھائی کون تھا؟	کون سا انگریزی بادشاہ ایک تھیم کے نام کیا تھا؟	ایک مشہور انگریزی نام کیا ہے جس
ولیم فاتح کی مخالفت کرنے والے انگریزی تخت کے دعویداروں میں سے ایک ، <ans> ایڈگر ایتھلنگ </ans> ، بالآخر اسکاٹ لینڈ بھاگ گیا۔	مارگریٹ کا بھائی کون تھا؟	اسکاٹ لینڈ کے کون سا انگریزی نام کیا ہے؟	اسکاٹ لینڈ میں کون لینڈ کا انگریزی نام کیا ہے؟
<ans> اسکاٹ لینڈ کے بادشاہ میلکم سوم </ans> نے ایڈگر کی بہن مارگریٹ سے شادی کی ، اور ولیم کی مخالفت میں آگیا جس نے پہلے ہی اسکاٹ لینڈ کی جنوبی سرحدوں پر تنازعہ کھڑا کیا تھا۔	مارگریٹ کا شوہر کون تھا؟	ایڈری کی شادی کس نے کی؟	ایڈری کی شادی کس نے کی؟
اسکاٹ لینڈ کے <ans> کنگ میلکم III </ans> نے ایڈگر کی بہن مارگریٹ سے شادی کی ، اور ولیم کی مخالفت میں آگیا جس نے پہلے ہی اسکاٹ لینڈ کی جنوبی سرحدوں پر تنازعہ کھڑا کیا تھا۔	مارگریٹ کا شوہر کون تھا؟	کس نے شادی کی شادی کی؟	اسکاٹ لینڈ میں شادی کی شادی کس نے کی؟
اسکاٹ لینڈ کے <ans> کنگ میلکم III </ans> نے ایڈگر کی بہن مارگریٹ سے شادی کی ، اور ولیم کی مخالفت میں آگیا جس نے پہلے ہی اسکاٹ لینڈ کی جنوبی سرحدوں پر تنازعہ کھڑا کیا تھا۔	مارگریٹ کا شوہر کون تھا؟	کس نے شادی کی شادی کی؟	اسکاٹ لینڈ میں شادی کی شادی کس نے کی؟
ولیم نے <ans> 1072 </ans> میں اسکاٹ لینڈ پر حملہ کیا ، جہاں تک وہ اپنے بحری جہازوں کے بیڑے سے ملا۔	ولیم نے اسکاٹ لینڈ پر کب حملہ کیا تھا؟	کس سال اسکاٹ لینڈ نے نے لینڈ پر حملہ کیا؟	ولیم نے اسکاٹ لینڈ پر کب حملہ کیا؟
میلکم نے ولیم کو خراج تحسین پیش کیا اور اپنے بیٹے <ans> ڈنکن </ans> کو یرغمال کے طور پر ہتھیار ڈال دیا ، اس سلسلے میں ایک بحث کا آغاز کیا۔	یرغمال کون تھا؟	ولیم ک نے اپنے والد کو کس کے طور پر کس نے ہتھیار کیا؟	میل  کے والد بیٹا کون تھا؟
اسکاٹ لینڈ کے بادشاہ ڈیوڈ اول ، جس کے بڑے بھائی الیگزینڈر اول نے <ans> نارمنڈی کی سیبیلہ </ans> سے شادی کی تھی ، اسکاٹ لینڈ میں نارمن اور نارمن ثقافت کو متعارف کرانے میں اہم کردار ادا کیا ، اس عمل کا حصہ کچھ اسکالرز ڈیوڈین انقلاب کہتے ہیں۔	الیگزینڈر اول نے کس سے شادی کی؟	اسکاٹ اول اول کس کس سے شادی کی؟	اسکاٹ اول اول نے کس سے شادی کی؟
اسکاٹ لینڈ کے بادشاہ ڈیوڈ اول ، جس کے بڑے بھائی الیگزینڈر اول نے نارمنڈی کے <ans> سیبیلہ </ans> سے شادی کی تھی ، اسکاٹ لینڈ میں نارمن اور نارمن ثقافت کو متعارف کرانے میں اہم کردار ادا کیا ، اس عمل کا حصہ کچھ اسکالرز ڈیوڈین انقلاب کہتے ہیں۔	الیگزینڈر اول نے کس سے شادی کی؟	اسکاٹ اول اول کا نام کس سے سے تھا؟	اسکاٹ اول اول نے کس سے شادی کی؟
اسکاٹ لینڈ کے بادشاہ ڈیوڈ اول ، جس کے بڑے بھائی الیگزینڈر اول نے نارمنڈی کے سیبیلہ سے شادی کی تھی ، اسکاٹ لینڈ میں نارمن اور <ans> نارمن </ans> ثقافت کو متعارف کرانے میں اہم کردار ادا کیا ، اس عمل کا حصہ کچھ اسکالرز ڈیوڈین انقلاب کہتے ہیں۔	"اسکاٹ لینڈ میں کس ثقافت کی آمد کو ""ڈیوڈین انقلاب"" کے نام سے جانا جاتا ہے؟"	اسکاٹ لینڈ کے کس میں کس ثقافت نے کس ثقافت میں متعارف کرایا؟	اسکاٹ لینڈ کے کون سی ثقافت نے ثقافت کو متعارف کرنے میں مدد کی؟
ایڈورڈ دی کنفیسر نے مذکورہ بالا رالف کو <ans> ہیرفورڈ </ans> کا ارل مقرر کیا تھا اور اسے مارکس کا دفاع کرنے اور ویلش کے ساتھ جنگ کرنے کا الزام لگایا تھا۔	جہاں رالف ارل تھا؟	ایڈورڈ کے کے کے کے کس نے کس کے کے لئے مقرر کیا؟	ایڈورڈاشی نے نے کس کے کو کس نے مقرر کیا؟ تھا؟ اسے دفاع کرنے کے الزام لگایا گیا تھا؟
ایڈورڈ دی کنفیسر نے مذکورہ بالا رالف کو ہیرفورڈ کے ارل کے طور پر قائم کیا تھا اور اسے مارچز کا دفاع کرنے اور <ans> ویلش </ans> کے ساتھ جنگ کرنے کا الزام لگایا تھا۔	رالف کس کے ساتھ جنگ میں ہونے کا انچارج تھا؟	ایڈورڈ کے کے دفاع کے دفاع کرنے کے الزام کس نے لگایا؟	کس نے دفاعی دفاع کے دفاع کے دفاع کرنے کے الزام لگایا گیا تھا؟
<ans> ایڈورڈ دی کنفیسر </ans> نے مذکورہ بالا رالف کو ہیرفورڈ کے ارل کے طور پر قائم کیا تھا اور اسے مارکس کا دفاع کرنے اور ویلش کے ساتھ جنگ کرنے کا الزام لگایا تھا۔	کس نے رالف کو ارل بنایا؟	کس نے یوٹاا کو بال کو کے کے کے کے کے طور پر کس نے؟	"کس نے تجویز کیا کہ  ⁇ ""کونی بال ⁇  ⁇ "" کا دفاع کرنے کے الزام لگایا گیا تھا؟"
ان نارمنوں نے آہستہ آہستہ فتح کی ایک طویل مدت کا آغاز کیا جس کے دوران تقریبا تمام <ans> ویلز </ans> کسی وقت نارمن مداخلت کے تابع تھا۔	کون سا ملک نارمن بارونز کے کنٹرول میں تھا؟	ان کےوں نے کس قسم کی فوجی فورس کا؟	جب نارمنوں نے وں کی فتح فتح کی تو اس عرصے میں کتنے لوگ تھے؟
<ans> 1018 </ans> میں ، راجر ڈی ٹوسنی نے موریش زمینوں سے اپنے لئے ایک ریاست بنانے کے لئے جزیرہ نما ایبیریا کا سفر کیا ، لیکن ناکام رہا۔	کون سا سال راجر ڈی ٹوسنی نے وہ کام کرنے میں ناکام رہا جو اس نے شروع کیا تھا؟	کس سال میں ڈی نے نے نے نما ایبیریا کے سفر کرنے کا سفر کیا؟	کس سال میں پالوں نے نے نورفولک جزیرہ نما ایبیریا کا سفر کیا؟
<ans> 1064 </ans> میں ، بارباسٹرو کی جنگ کے دوران ، مونٹریویل کے ولیم نے پوپ کی فوج کی قیادت کی اور ایک بہت بڑا مال غنیمت لیا۔	کون سا سال راجر ڈی ٹوسنی نے وہ کام کرنے میں ناکام رہا جو اس نے شروع کیا تھا؟	کس سال میں کی کی کی فوج کی فوج کی قیادت کی؟	کس سال میں چوتھے کی قیادت کس سال کی ہوئی تھی؟
1064 میں ، بارباسٹرو کی جنگ کے دوران ، <ans> ویلیم آف مونٹریویل </ans> نے پوپ کی فوج کی قیادت کی اور ایک بہت بڑا مال غنیمت لیا۔	بارباسترو کی جنگ میں پوپ کی فوج کا انچارج کون تھا؟	کون کی جنگ میں کس کی فوج کی قیادت کس نے کی؟	کون کی جنگ کی قیادت کس نے کی؟
<ans> 1097 </ans> میں انطاکیہ کے کامیاب محاصرے کے بعد ، بوہیمنڈ نے اس شہر کے ارد گرد ایک آزاد شہنشاہیت بنانا شروع کردی۔	انطاکیہ کا محاصرہ کب ہوا؟	بوہ نے کس سال میں کب شروع کیا؟	بوہہ نے کس سال شروع کیا؟
1096 میں ، امالفی کے محاصرے سے گزرنے والے صلیبیوں میں ٹرانٹو کے بوہیمنڈ اور اس کے بھتیجے <ans> ٹینکریڈ </ans> نے اطالوی نارمنوں کی فوج کے ساتھ شمولیت اختیار کی۔	بوہمنڈ کے بھتیجے کا نام کیا تھا؟	اطالویوںوں کے ساتھ ساتھ، کون فوج کے ساتھ فوج کے ساتھ فوج کے ساتھ فوج کے ساتھ اتحاد کیا؟	اطالویوںوں کے پوتے پوتے کے کس نے فوجوں نے فوج کی فوج کے ساتھ تعاون کیا؟
ٹانکریڈ نے <ans> یروشلم </ans> کی فتح میں اہم کردار ادا کیا اور اس نے ٹرانس اردن اور گلیل کے خطے میں صلیبی سلطنت کی توسیع کے لئے کام کیا۔	ٹینکریڈ نے کون سی بڑی فتح میں کردار ادا کیا؟	مونٹنو نے نے فتح میں کس فتح کیا؟	مونٹنوکنز نے کس فتح کیا تھا؟
تیسری صلیبی جنگ کی اینگلو نارمن فورسز کی طرف سے قبرص کی فتح نے جزیرے کی تاریخ میں ایک نیا باب کھولا ، جو اگلے <ans> 380 سالوں </ans> کے لئے مغربی یورپی تسلط کے تحت ہوگا۔	مغربی یورپ نے کب تک قبرص پر کنٹرول کیا؟	کتنے سالوں نے قبرص کی طرف سے کتنے؟	کتنی دیر تک یونان نے کتنی دیر تک یورپی تارکین وطن کی توجہ کی؟؟
لیکن <ans> ایک طوفان </ans> نے بیڑے کو منتشر کردیا۔	رچرڈ کے اکرا پہنچنے کے منصوبوں کو کس چیز نے برباد کر دیا؟	کس بیڑے کو بیڑے کو کو کو کو کو کو کو کو؟	کس بیڑے نے بیڑے کو کو کو کو کو کو؟
کچھ تلاش کے بعد ، یہ دریافت کیا گیا کہ اس کی بہن اور اس کی منگیتر <ans> برینگاریا </ans> لے جانے والی کشتی قبرص کے جنوبی ساحل پر لنگر انداز تھی ، جس میں خزانہ جہاز سمیت کئی دوسرے جہازوں کے ملبے بھی شامل تھے۔	رچرڈ کی منگیتر کون تھی؟	کون سی کی اس کی کی کے کی کے طور پر؟	اس کی کا نام کیا تھا جس
جزیرے کے ظالم <ans> اسحاق کومنینوس </ans> نے ملبے میں بچ جانے والوں کو قید کر لیا تھا۔	1191 میں قبرص پر کس نے حکمرانی کی؟	اس جزیرے پر کس نے جانے والے بچے جانے والے بچے کو کس نے؟	اس جزیرے کا نام کیا تھا جو بچ جانے والے بچ جانے والے بچے جانے کی اجازت دی؟
اس نے <ans> اسحاق </ans> کو قیدیوں اور خزانے کو رہا کرنے کا حکم دیا۔	1191 میں قبرص پر کس نے حکمرانی کی؟	اس نے کو کو کو کونے کے لئے کس کو بھیجے گیا تھا؟	شوپن نے چھٹے کو کو کونے کے لئے کس کو بھیجے گیا تھا؟
سب نے رچرڈ کی حمایت کا اعلان کیا بشرطیکہ وہ اپنے حریف <ans> کونراڈ آف مونٹفریٹ </ans> کے خلاف گائے کی حمایت کرے۔	گائے کا حریف کون تھا؟	رچرڈ کی کا نام کیا تھا جس نے  کی حمایت کی؟	رچرڈ کی کس کا نام کیا تھا؟
آئزک نے ہتھیار ڈالے اور اسے <ans> چاندی </ans> کی زنجیروں سے بند کردیا گیا ، کیونکہ رچرڈ نے وعدہ کیا تھا کہ وہ اسے لوہے میں نہیں رکھے گا۔	اسحاق کی زنجیریں کس چیز سے بنی تھیں؟	کس نےز نے ہتھیاروں کو ہتھیاروں کو کس کیا؟	آززز نے ہتھیاروں کو کس کیا؟؟
مقدس سرزمین کے مختلف شہزادے ایک ہی وقت میں لیماسول پہنچے ، خاص طور پر <ans> گئی ڈی لوسینین </ans> ۔	جب قبرص پر قبضہ کیا گیا تو رچرڈ کی فوجوں کی قیادت کس نے کی؟	مقدسول کے لئے کون سا فرقہ مقدس مقدس مقدس؟	مقدسولول میں کون سی مشہور تھی؟ تھی؟
1402 اور 1405 کے درمیان ، نارمن شریف جین ڈی بیتینکورٹ اور پوئٹیوین گیڈیفر ڈی لا سال کی قیادت میں مہم نے <ans> افریقہ </ans> کے اٹلانٹک ساحل سے لانساروٹ ، فورٹی وینٹورا اور ایل ہیرو کے کینری جزیروں پر فتح حاصل کی۔	کن کنٹیننٹ کے ساحل سے دور کینری جزائر ہیں؟	کس اٹلانٹکا کس ملک میں اٹلانٹک سٹی کی طرف سے اٹلانٹکٹو کین کی قیادت کس نے کی؟	اٹلانٹک سٹی کے درمیان اٹلانٹک کس ملک میں منعقد کیا گیا تھا؟
<ans> بیٹینکورٹ </ans> نے کینری جزیروں کے بادشاہ کا لقب لیا ، جیسا کہ ہینری III آف کاسٹیل کا واسل تھا۔	کون کینری جزائر کا بادشاہ بن گیا؟	کون جزائر کا نام کیا تھا؟	کون جزائر کا نام کیا تھا؟
1418 میں ، جان کے بھتیجے میسیوٹ ڈی بیتھینکور نے جزائر کے حقوق <ans> اینریک پیریز ڈی گوزمان </ans> ، دوسرے کاؤنٹ ڈی نیبلا کو فروخت کیے۔	کس نے حقوق خریدے؟	مارشل جزائر میں تووالو کے حقوق حقوق حقوق حقوق حقوق حقوق حقوق کے حقوق کے حقوق میں کون سا حقوق حقوق؟	مارشل جزائر میں مارشل جزائر کے حقوق جزائر حقوق حقوق حقوق حقوق کے حقوق میں کون سا حقوق تھا؟
1418 میں ، جان کے بھتیجے <ans> ماسیوٹ ڈی بیتھنکورٹ </ans> نے جزائر کے حقوق اینریک پیریز ڈی گوزمان ، دوسرے کاؤنٹ ڈی نیبلا کو فروخت کیے۔	کس نے حقوق فروخت کیے؟	کس نے نے نے نے نے نے نے خریدا؟	کس نے نے نے نے نے ڈی این ڈی کوز ڈی ڈیز کوز کو خریدا؟
نارمنڈی کا روایتی قانون 10 ویں اور 13 ویں صدی کے درمیان تیار کیا گیا تھا اور <ans> چینل جزائر </ans> میں جرسی اور گرنسی کے قانونی نظام کے ذریعے آج تک زندہ ہے۔	جرسی اور گرنسی کہاں ہیں؟	سان ویں صدی میں آخر میں کس جزیرے پر کہاں رہتے تھے؟	سان ویں صدی کے آخر میں کس جزیرے پر کہاں رہتے تھے؟
نارمنڈی کا روایتی قانون 10 ویں اور 13 ویں صدی کے درمیان تیار کیا گیا تھا اور آج <ans> چینل جزائر </ans> میں جرسی اور گرنسی کے قانونی نظام کے ذریعے زندہ ہے۔	جرسی اور گرنسی کہاں ہیں؟	کس جزیرے پر کہاں کہاں واقع ہے؟	سان ویں صدی کے آخر میں کس جزیرے پر کہاں رہتے ہیں؟
نارمنڈی کا روایتی قانون 10 ویں اور 13 ویں صدی کے درمیان تیار کیا گیا تھا اور آج <ans> چینل جزائر </ans> میں جرسی اور گرنسی کے قانونی نظام کے ذریعے زندہ ہے۔	جرسی اور گرنسی کہاں ہیں؟	کس جزیرے پر کہاں کہاں واقع ہے؟	سان ویں صدی کے آخر میں کس جزیرے پر کہاں رہتے ہیں؟
نارمن روایتی قانون کو دو ججوں نے لاطینی زبان میں <ans> دو </ans> روایتی میں نقل کیا تھا تاکہ وہ ان اور ان کے ساتھیوں کے استعمال کے لئے استعمال کرسکیں۔	نارمن روایتی قانون میں کتنے رسم و رواج ہیں؟	روایتی  میں کتنے  میں روایتی  میں استعمال کیا گیا تھا؟	روایتی  میں کتنے  روایتی  میں استعمال کیا گیا تھا؟
انہوں نے انگلینڈ اور اٹلی میں ایک انوکھا <ans> رومنسک </ans> محاورہ پھیلایا ، اور ان علاقوں کو ان کے شمالی فرانسیسی انداز میں برقرار رکھنے کے ساتھ بنیادی طور پر فوجی زمین کی تزئین کو تبدیل کردیا۔	نارمن فن تعمیر کی زبان کیا ہے؟	انگلینڈ اور انگلینڈ میں کون سا مصالححی اور؟	انگلینڈ اور انگلینڈ میں کون سا مذہب متعارف کرایا گیا تھا؟
ان کے انداز میں <ans> گول </ans> قوسوں کی خصوصیت تھی ، خاص طور پر کھڑکیوں اور دروازوں پر ، اور بڑے پیمانے پر تناسب۔	نارمن فن تعمیر میں کس طرح کے قوس ہوتے ہیں؟	کے انداز میں کس قسم کی خصوصیت خصوصیت تھیں؟	کس قسم کے گرجی اندازوں میں خصوصیت کی خصوصیت خصوصیت تھی خصوصیت تھی؟
انگلینڈ میں ، نارمن فن تعمیر کا دور فوری طور پر اینگلو سیکسن کے بعد آتا ہے اور <ans> ابتدائی گوتھک </ans> سے پہلے آتا ہے۔	انگلینڈ میں نارمن کے بعد کس قسم کا فن تعمیر آیا؟	نارمن میں کس فن تعمیر سے پہلے کس سا دوسرا واقعہ استعمال کیا گیا تھا؟	رومن فن تعمیر کا آغاز کس سے پہلے ہوا؟
انگلینڈ میں ، نارمن فن تعمیر کا دور فوری طور پر <ans> اینگلو سیکسن </ans> کے بعد ہوتا ہے اور ابتدائی گوتھک سے پہلے ہوتا ہے۔	انگلینڈ میں نارمن سے پہلے کس قسم کا فن تعمیر آیا تھا؟	رومن فن تعمیر کا آغاز کس دور میں ہوا؟	رومن فن تعمیر کا آغاز کس دور میں ہوا؟
جنوبی اٹلی میں ، نارمنوں نے اسلامی ، لومبارڈ ، اور بازنطینی تعمیراتی تکنیکوں کے عناصر کو اپنے میں شامل کیا ، جس نے <ans> سیسیلی </ans> کی بادشاہی کے اندر نارمن عرب فن تعمیر کے نام سے جانا جانے والا ایک انوکھا انداز شروع کیا۔	نارمن عرب فن تعمیراتی انداز کی کیا جگہ تھی؟	کون سا رومن  کے فن تعمیر کے طور پر جانا جاتا تھا؟	اٹلی میں کون سا فن تعمیر کا نام کیا تھا؟ طور پر جانا جاتا تھا؟
جنوبی اٹلی میں ، نارمنوں نے اسلامی ، لومبارڈ ، اور بازنطینی تعمیراتی تکنیکوں کے عناصر کو اپنے میں شامل کیا ، جس نے <ans> سیسیلی کی بادشاہی </ans> کے اندر نارمن عرب فن تعمیر کے نام سے جانا جانے والا ایک انوکھا انداز شروع کیا۔	نارمن عرب فن تعمیراتی انداز کی کیا جگہ تھی؟	کون سا کے اپنے نام کیا ہے جس نے اپنے  کے طور پر ایک نئی انداز انداز کے طور	اٹلی میں کون سا فن تعمیر کا نام کیا تھا؟ طور پر جانا جاتا تھا؟
تاہم ، <ans> گیارہویں صدی کے اوائل </ans> میں ڈیوکس نے چرچ اصلاحات کا ایک پروگرام شروع کیا ، خانقاہوں کی کلونیک اصلاحات کی حوصلہ افزائی کی اور دانشورانہ سرگرمیوں کی سرپرستی کی ، خاص طور پر اسکرپٹوریا کے پھیلاؤ اور کھوئے ہوئے روشن مخطوطات کی ایک تالیف کی بحالی۔	چرچ کی اصلاحات کب شروع ہوئیں؟	کسس اصلاحات اصلاحات اصلاحات کب شروع کیا؟	کسس اصلاحات اصلاحات اصلاحات کب شروع کیا؟
تاہم ، <ans> 11 ویں صدی </ans> کے اوائل میں ڈیوکس نے چرچ اصلاحات کا ایک پروگرام شروع کیا ، خانقاہوں کی کلونیک اصلاحات کی حوصلہ افزائی کی اور دانشورانہ سرگرمیوں کی سرپرستی کی ، خاص طور پر اسکرپٹوریا کے پھیلاؤ اور کھوئے ہوئے روشن مخطوطات کی تالیف کی بحالی۔	چرچ کی اصلاحات کب شروع ہوئیں؟	کس صدی میں اصلاحات نے اصلاحات اصلاحات اصلاحات اصلاحات شروع کی؟	کس صدی میں اصلاحات نے اصلاحات اصلاحات اصلاحات کا شروع شروع کیا؟
تاہم ، <ans> گیارہویں صدی کے اوائل میں </ans> ڈیوکس نے چرچ اصلاحات کا ایک پروگرام شروع کیا ، خانقاہوں کی کلونیک اصلاحات کی حوصلہ افزائی کی اور دانشورانہ سرگرمیوں کی سرپرستی کی ، خاص طور پر اسکرپٹوریا کے پھیلاؤ اور کھوئے ہوئے روشن مخطوطات کی تالیف کی بحالی۔	چرچ کی اصلاحات کب شروع ہوئیں؟	کس صدی میں اصلاحات اصلاحات اصلاحات اصلاحات کا شروع کیا؟	کس صدی میں اصلاحات اصلاحات اصلاحات اصلاحات شروع ہوا؟
تاہم ، گیارہویں صدی کے اوائل میں <ans> ڈکس </ans> نے چرچ اصلاحات کا ایک پروگرام شروع کیا ، خانقاہوں کی کلونیک اصلاحات کی حوصلہ افزائی کی اور دانشورانہ سرگرمیوں کی سرپرستی کی ، خاص طور پر اسکرپٹوریا کے پھیلاؤ اور کھوئے ہوئے روشن مخطوطات کی تالیف کی بحالی۔	کس نے اپنے آپ کو متحد کرنے کے لئے چرچ کا استعمال کیا؟	اصلاحات اصلاحات اصلاحات اصلاحات کا آغاز کس نے کیا؟	اصلاحات اصلاحات اصلاحات اصلاحات کا آغاز کس نے کیا؟
چرچ کو <ans> ڈیوکس </ans> نے اپنے مختلف ڈچی کے لئے متحد کرنے والی طاقت کے طور پر استعمال کیا۔	کس نے اپنے آپ کو متحد کرنے کے لئے چرچ کا استعمال کیا؟	چرچ نے کساپنے آپ کو کس کے لیے کس کے طاقت کے استعمال کیا؟	چرچ نے اپنے آپ کو کس کرنے کے لئے کس استعمال کیا؟
<ans> 16 ویں صدی </ans> میں فرانسیسی مذہبی جنگوں اور 18 ویں صدی میں فرانسیسی انقلاب نے کامیابی کے ساتھ اس نارمن تخلیقی صلاحیت کی تعمیراتی اور فنکارانہ باقیات کے راستے میں موجود زیادہ تر کو تباہ کردیا۔	فرانسیسی مذہبی جنگیں کب ہوئیں؟	فرانسیسی صدی میں فرانسیسی فرانسیسی اور فرانسیسی انقلابوں کو زیادہ زیادہ زیادہ تباہ ہو گیا؟	کس صدی میں فرانسیسی جنگوں اور فرانسیسی انقلابوں میں زیادہ زیادہ زیادہ ہو گیا؟
<ans> 16 ویں صدی </ans> میں فرانسیسی مذہبی جنگوں اور 18 ویں صدی میں فرانسیسی انقلاب نے کامیابی کے ساتھ اس نارمن تخلیقی صلاحیت کی تعمیراتی اور فنکارانہ باقیات کے راستے میں موجود زیادہ تر کو تباہ کردیا۔	فرانسیسی مذہبی جنگیں کب ہوئیں؟	فرانسیسی صدی میں فرانسیسی فرانسیسی اور فرانسیسی انقلابوں کو زیادہ زیادہ زیادہ تباہ ہو گیا؟	کس صدی میں فرانسیسی جنگوں اور فرانسیسی انقلابوں میں زیادہ زیادہ زیادہ ہو گیا؟
<ans> 16 ویں صدی میں </ans> فرانسیسی مذہبی جنگوں اور 18 ویں صدی میں فرانسیسی انقلاب نے کامیابی کے ساتھ اس نارمن تخلیقی صلاحیت کی تعمیراتی اور فنکارانہ باقیات کے راستے میں موجود زیادہ تر کو تباہ کردیا۔	فرانسیسی مذہبی جنگیں کب ہوئیں؟	فرانسیسی صدی میں فرانسیسیوں نے انگریزوں اور 19 ویں صدی میں زیادہ تر زیادہ کو زیادہ تباہ کردیا؟	کس صدی میں فرانسیسی اور فرانسیسیوں نے 19 ویں صدی میں آخر میں زیادہ تر زیادہ کو تباہ کردیا؟
نارمن آرٹ کا اب تک کا سب سے مشہور کام بییوکس ٹیپیسٹری ہے ، جو ایک ٹیپیسٹری نہیں بلکہ <ans> برائڈری </ans> کا کام ہے۔	Bayeux Tapestry کی تخلیق میں کس قسم کی سلائی کا استعمال کیا گیا تھا؟	آرٹ آرٹ آرٹ کا سب سے مشہور کام کیا ہے؟	آرٹ آرٹ میں سب سے زیادہ کام کیا کیا ہے؟
نارمن آرٹ کا اب تک کا سب سے مشہور کام <ans> بایوکس ٹیپسٹری </ans> ہے ، جو ٹیپسٹری نہیں بلکہ کڑھائی کا کام ہے۔	نارمن آرٹ کا سب سے مشہور ٹکڑا کیا ہے؟	نارمن آرٹ آرٹ اب بھی کام کام کیا ہے؟	نارمن آرٹ آرٹ اب اب بھی کام کام کام کیا ہے؟
نارمن آرٹ کا اب تک کا سب سے مشہور کام <ans> بییوکس ٹیپسٹری </ans> ہے ، جو ٹیپسٹری نہیں بلکہ کڑھائی کا کام ہے۔	نارمن آرٹ کا سب سے مشہور ٹکڑا کیا ہے؟	نارمن آرٹ آرٹ اب بھی کام کام کیا ہے؟	نارمن آرٹ آرٹ اب اب بھی کام کام کرتا ہے؟
نارمن آرٹ کا اب تک کا سب سے مشہور کام <ans> بییوکس ٹیپسٹری </ans> ہے ، جو ٹیپسٹری نہیں بلکہ کڑھائی کا کام ہے۔	نارمن آرٹ کا سب سے مشہور ٹکڑا کیا ہے؟	نارمن آرٹ آرٹ اب بھی کام کام کیا ہے؟	نارمن آرٹ آرٹ اب اب بھی کام کام کرتا ہے؟
یہ <ans> اوڈو </ans> ، بییوکس کے بشپ اور کینٹ کے پہلے ارل نے کمیشن کیا تھا ، جس میں کینٹ کے مقامی افراد کو ملازمت دی گئی تھی جو ڈنمارک کے وائکنگز کے ذریعہ پچھلی نصف صدی میں درآمد شدہ نورڈک روایات میں سیکھے گئے تھے۔	ٹیپیسٹری کا حکم کس نے دیا؟	کس میں کون سا کینٹ کے کی نے کس کی؟	کون سا میں کون کے لئےے میں کیا گیا تھا؟
بہت سے گرجا گھروں میں مجسمے والے فونٹ ، دارالحکومت ، اور زیادہ اہم بات یہ ہے کہ <ans> موزائیک </ans> محفوظ ہیں ، جو نارمن اٹلی میں عام تھے اور یونانی ورثے پر بہت زیادہ کھینچتے تھے۔	گرجا گھروں میں محفوظ کردہ نارمن آرٹ کی سب سے اہم قسم کیا ہے؟	بہت سے گرج گرجا گھروں میں کیا کیا کیا ہے؟	بہت سے گرج گرج گرجا گھروں میں کون سا عام خصوصیت ہے؟
نارمنڈی <ans> 11 ویں </ans> صدی میں کلاسیکی موسیقی کی تاریخ میں کئی اہم پیشرفتوں کا مقام تھا۔	کون سی صدی میں نارمنڈی میں اہم کلاسیکی موسیقی کی ترقی ہوئی؟	کس دور میں کلاسیکی موسیقی کی اہم وسیع پیمانے پر اہم؟	کس دور میں کلاسیکی موسیقی کی اہم وسیع پیمانے پر اہم؟
نارمنڈی <ans> 11 ویں </ans> صدی میں کلاسیکی موسیقی کی تاریخ میں کئی اہم پیشرفتوں کا مقام تھا۔	کون سی صدی میں نارمنڈی میں اہم کلاسیکی موسیقی کی ترقی ہوئی؟	کس دور میں کلاسیکی موسیقی کی اہم وسیع پیمانے پر اہم؟	کس دور میں کلاسیکی موسیقی کی اہم وسیع پیمانے پر اہم؟
فیکمپ میں ، دو اطالوی ایبٹس ، <ans> ولپیانو کے ولیم اور راوننا کے جان </ans> کے تحت ، خطوط کے ذریعہ نوٹوں کی نشاندہی کرنے کا نظام تیار اور سکھایا گیا تھا۔	Fécamp ایبی میں دو abbots کون تھے؟	کون دو دو دو دو دو دو تھے؟	کون دو دو میں دو دو دو تھے جنہوں نے تیار کیا؟
نارمن ایبٹ رابرٹ ڈی گرانٹمسنیل کے تحت ، سینٹ ایورول کے کئی راہب <ans> جنوبی اٹلی </ans> بھاگ گئے ، جہاں انہیں رابرٹ گسکارڈ نے سرپرستی کی اور سینٹ ایوفیمیا میں ایک لاطینی خانقاہ قائم کی۔	راہب کہاں بھاگ گئے؟	سینٹ Bamamell کہاں کہاں بھیجا گیا تھا؟	سینٹ Bamamell کہاں کہاں بھیجا گیا تھا؟
نارمن ایبٹ رابرٹ ڈی گرانٹمسنیل کے تحت ، سینٹ ایورول کے کئی راہب جنوبی اٹلی بھاگ گئے ، جہاں انہیں رابرٹ گسکارڈ نے سرپرستی کی اور <ans> سانٹ ایوفیمیا میں لاطینی خانقاہ </ans> قائم کیا۔	سینٹ-یورول راہبوں نے اٹلی میں کون سا خانقاہ قائم کیا؟	ایبی کے بعد میں کون سا میں کون سا کیا گیا تھا؟	ایبی کے بعد کے بعد میں کیا قائم کیا گیا تھا؟
نارمن ایبٹ رابرٹ ڈی گرانٹمسنیل کے تحت ، سینٹ ایورول کے کئی راہب جنوبی اٹلی بھاگ گئے ، جہاں انہیں رابرٹ گسکارڈ نے سرپرستی کی اور <ans> سانٹ ایوفیمیا میں ایک لاطینی خانقاہ </ans> قائم کی۔	سینٹ-یورول راہبوں نے اٹلی میں کون سا خانقاہ قائم کیا؟	کون سا نے ن نے ن کے کے قیام کے قیام کی؟	ایبی میں کون کے بعد کون سا میں کون سا کیا قائم کیا گیا تھا؟
نارمن ایبٹ رابرٹ ڈی گرانٹمسنیل کے تحت ، سینٹ ایورول کے کئی راہب جنوبی اٹلی بھاگ گئے ، جہاں انہیں رابرٹ گسکارڈ نے سرپرستی کی اور <ans> سانٹ ایوفیمیا </ans> میں ایک لاطینی خانقاہ قائم کی۔	سینٹ-یورول راہبوں نے اٹلی میں کون سا خانقاہ قائم کیا؟	Bamgells کہاں سے ایک ایک میں ایک ایک کہاں قائم کیا گیا تھا؟	ایبی میں کون سا میں ایک ایک کہاں قائم کیا گیا تھا؟
نارمن ایبٹ رابرٹ ڈی گرانٹمسنیل کے تحت ، سینٹ ایورول کے کئی راہب جنوبی اٹلی بھاگ گئے ، جہاں انہیں <ans> رابرٹ گسکارڈ </ans> نے سرپرستی کی اور سینٹ ایوفیمیا میں ایک لاطینی خانقاہ قائم کی۔	اٹلی میں راہبوں کی سرپرستی کون کرتا تھا؟	کون سا کے  نے  میں ایک اور cococococo coarco کے ایک اور ایک قائم قائم کیا؟	کون سا Aamell Aell Aell کے لئے ایک اور نام کیا ہے؟
سینٹ ایورول میں ، <ans> گانے </ans> کی ایک روایت تیار ہوئی تھی اور کور نے نارمنڈی میں شہرت حاصل کی تھی۔	سینٹ-یورول راہبوں کو کس روایت کے لئے جانا جاتا تھا؟	سینٹ جان میں میں کس قسم کی روایت پیدا ہوئی تھی؟	سینٹ بارٹس میں کس قسم کی روایت پیدا ہوئی تھی؟
کمپیوٹیشنل پیچیدگی کا نظریہ نظریاتی کمپیوٹر سائنس میں کمپیوٹنگ کے نظریہ کی ایک شاخ ہے جو کمپیوٹیشنل مسائل کو ان کی <ans> پہلی مشکل </ans> کے مطابق درجہ بندی کرنے اور ان کلاسوں کو ایک دوسرے سے جوڑنے پر مرکوز ہے۔	کمپیوٹیشنل پیچیدگی کے نظریہ کا استعمال کرتے ہوئے کمپیوٹیشنل مسائل کو کس اہم خصوصیت کے ذریعہ درجہ بندی کیا جاتا ہے؟	کمپیوٹل سائنس سائنس سائنس سائنس کس نظریہ پر درجہ بندی کیا ہے؟	کمپیوٹ کمپیوٹل سائنس سائنس سائنس کو کس طرح درجہ بندی کیا جاتا ہے؟
کمپیوٹیشنل پیچیدگی کا نظریہ نظریاتی کمپیوٹر سائنس میں کمپیوٹنگ کے نظریہ کی ایک شاخ ہے جو کمپیوٹیشنل مسائل کو <ans> ان کی فطری دشواری </ans> کے مطابق درجہ بندی کرنے اور ان کلاسوں کو ایک دوسرے سے جوڑنے پر مرکوز ہے۔	کمپیوٹیشنل پیچیدگی کے نظریہ کا استعمال کرتے ہوئے کمپیوٹیشنل مسائل کو کس اہم خصوصیت کے ذریعہ درجہ بندی کیا جاتا ہے؟	کمپیوٹل سائنس سائنس سائنس سائنس کس نظریہ پر مبنی ہے؟	کمپیوٹ کمپیوٹل سائنس سائنس سائنس کو کس طرح درجہ بندی کیا جاتا ہے؟
کمپیوٹیشنل پیچیدگی کا نظریہ نظریاتی کمپیوٹر سائنس میں کمپیوٹنگ کے نظریہ کی ایک شاخ ہے جو <ans> کمپیوٹیشنل مسائل </ans> کو ان کی فطری مشکل کے مطابق درجہ بندی کرنے اور ان کلاسوں کو ایک دوسرے سے جوڑنے پر مرکوز ہے۔	ایک ایسے کام کے لئے اصطلاح کیا ہے جو عام طور پر خود کو کمپیوٹر کی طرف سے حل کرنے کے لئے قرض دیتا ہے؟	کمپیوٹل سائنس سائنس سائنس سائنس کس قسم کی سائنس کی درجہ بندی کیا ہے؟	کمپیوٹل سائنس سائنس سائنس سائنس کو کس کہا جاتا ہے؟
<ans> ایک کمپیوٹیشنل مسئلہ </ans> کو ایک ایسا کام سمجھا جاتا ہے جو اصولی طور پر کمپیوٹر کے ذریعہ حل کرنے کے قابل ہو ، جو اس بات کے برابر ہے کہ مسئلہ ریاضی کے اقدامات ، جیسے الگورتھم کی مکینیکل درخواست سے حل کیا جاسکتا ہے۔	ایک ایسے کام کے لئے اصطلاح کیا ہے جو عام طور پر خود کو کمپیوٹر کی طرف سے حل کرنے کے لئے قرض دیتا ہے؟	کیا  طور پر ایک کمپیوٹر کے حل کیا جاتا ہے؟	کیا  طور پر ایک کمپیوٹر کی طرف سے حل کیا جا سکتا ہے؟
ایک <ans> کمپیوٹیشنل مسئلہ </ans> کو ایک ایسا کام سمجھا جاتا ہے جو اصولی طور پر کمپیوٹر کے ذریعہ حل کرنے کے قابل ہو ، جو اس بات کے برابر ہے کہ مسئلہ ریاضی کے اقدامات ، جیسے الگورتھم کے مکینیکل اطلاق سے حل کیا جاسکتا ہے۔	ایک ایسے کام کے لئے اصطلاح کیا ہے جو عام طور پر خود کو کمپیوٹر کی طرف سے حل کرنے کے لئے قرض دیتا ہے؟	کمپیوٹر کے طور پر کمپیوٹر کے کام کرنے کے لئے کیا استعمال کیا جاتا ہے؟	کمپیوٹر کے طور پر کمپیوٹر کی طرف سے حل کیا جا سکتا ہے؟
ایک مسئلے کو فطری طور پر مشکل سمجھا جاتا ہے <ans> اگر اس کے حل کے لئے اہم وسائل کی ضرورت ہوتی ہے </ans> ، چاہے جو بھی الگورتھم استعمال کیا جائے۔	ایک کمپیوٹیشنل مسئلے کا کیا پیمانہ بڑے پیمانے پر حل کی فطری مشکل کی وضاحت کرتا ہے؟	ایک بوڑھے کی ایک مثال کیا ہے جو ایک بوڑھے کے لئے استعمال کیا جاتا ہے؟	ایک مسئلے کی ایک مثال کیا ہے جو مستقل طور پر استعمال کیا جا سکتا ہے؟
کسی مسئلے کو فطری طور پر مشکل سمجھا جاتا ہے اگر <ans> اس کے حل کے لئے اہم وسائل کی ضرورت ہوتی ہے </ans> ، چاہے جو بھی الگورتھم استعمال کیا جائے۔	ایک کمپیوٹیشنل مسئلے کا کیا پیمانہ بڑے پیمانے پر حل کی فطری مشکل کی وضاحت کرتا ہے؟	کسی شخص کی مستقل طور پر کیا کی ضرورت ہوتی ہے؟	کسی شخص کو کسی بھی کی طرف سے کیسے دیکھا جاتا ہے؟ اسے کیا کہا جاتا ہے؟
یہ نظریہ ان مسائل کا مطالعہ کرنے کے لئے کمپیوٹنگ کے ریاضیاتی ماڈل متعارف کرانے اور ان کو حل کرنے کے لئے درکار وسائل کی مقدار ، جیسے <ans> وقت اور اسٹوریج </ans> کی پیمائش کرکے اس بصیرت کو باضابطہ بناتا ہے۔	پیچیدگی کا اندازہ لگانے کے لئے استعمال ہونے والے دو بنیادی بنیادی وسائل کیا ہیں؟	نفسیاتی نظام کے لئے کیا کے لئے کیا کی کیا ہے؟	نفسیاتی تبدیلیوں کو کیا کرنے کرنے کے لئے کیا استعمال کیا جا سکتا ہے؟
دیگر پیچیدگی کے اقدامات بھی استعمال کیے جاتے ہیں ، جیسے مواصلات کی مقدار (رابطے کی پیچیدگی میں استعمال کیا جاتا ہے) ، <ans> سرکٹ میں گیٹس کی تعداد </ans> (سرکٹ پیچیدگی میں استعمال کیا جاتا ہے) اور پروسیسرز کی تعداد (متوازی کمپیوٹنگ میں استعمال ہوتا ہے۔	سرکٹ کی پیچیدگی کا تعین کرنے کے لئے کون سا یونٹ ماپا جاتا ہے؟	مواصلات کی کون سی پیرامیٹر استعمال استعمال کیا جاتا ہے؟	مواصلات کا کون سا حصہ کبھی کبھی بھی استعمال کیا جاتا ہے استعمال کیا جاتا ہے؟
دیگر پیچیدگی کی پیمائش بھی استعمال کی جاتی ہے ، جیسے مواصلات کی مقدار (جو مواصلات کی پیچیدگی میں استعمال ہوتی ہے) ، سرکٹ میں <ans> گیٹس کی تعداد </ans> (سرکٹ کی پیچیدگی میں استعمال ہوتی ہے) اور پروسیسرز کی تعداد (متوازی کمپیوٹنگ میں استعمال ہوتی ہے۔	سرکٹ کی پیچیدگی کا تعین کرنے کے لئے کون سا یونٹ ماپا جاتا ہے؟	کیا خالص توانائی کی استعمال کی ہے؟	کاغذ کی استعمال میں استعمال ہونے والی کیا استعمال کیا جاتا ہے؟ کیا استعمال کیا جاتا ہے؟
کمپیوٹنگ پیچیدگی نظریہ کا ایک کردار یہ ہے کہ <ans> کمپیوٹرز کیا کرسکتے ہیں اور کیا نہیں کرسکتے ہیں۔ </ans>	روزانہ کمپیوٹنگ میں مسائل کی پیچیدگی کی تعریف کیا عملی کردار ادا کرتی ہے؟	کمپیوٹنگ سائنس کا ایک کیا ہے؟	کمپیوٹنگ سائنس کا ایک اہم مسئلہ کیا ہے؟
کمپیوٹنگ پیچیدگی نظریہ کا ایک کردار یہ ہے کہ <ans> کمپیوٹر کیا کرسکتا ہے اور کیا نہیں کرسکتا </ans> ۔	روزانہ کمپیوٹنگ میں مسائل کی پیچیدگی کی تعریف کیا عملی کردار ادا کرتی ہے؟	کمپیوٹنگ کا نظریہ کا ایک کیا ہے؟	کمپیوٹنگ کیا ہے؟
نظریاتی کمپیوٹر سائنس میں قریب سے متعلقہ شعبوں میں <ans> الگورتھم کا تجزیہ اور کمپیوٹیشنل تھیوری </ans> ہیں۔	نظریاتی کمپیوٹر سائنس کے کون سے دو شعبے کمپیوٹیشنل پیچیدگی کے نظریہ کو قریب سے ظاہر کرتے ہیں؟	سائنس سائنس سائنس سائنس میں سائنس میں کیا کیا ہے؟	سائنس سائنس سائنس میں شعبوں میں سے ایک کیا ہے؟
ایک کمپیوٹیشنل مسئلے کے لئے ان پٹ سٹرنگ کو <ans> مسئلہ مثال </ans> کہا جاتا ہے ، اور اسے خود مسئلے کے ساتھ الجھایا نہیں جانا چاہئے۔	ایک کمپیوٹیشنل مسئلے کی ان پٹ سٹرنگ کو کیا نام دیا جاتا ہے؟	ایک بورڈیشنلل کو کیا کرنے کے لئے کیا استعمال کیا جاتا ہے؟	ایک بورڈیشنل کول کرنے کے لئے کیا استعمال کیا جاتا ہے؟
ایک کمپیوٹیشنل مسئلے کے لئے ان پٹ سٹرنگ کو <ans> ایک مسئلہ مثال </ans> کہا جاتا ہے ، اور اسے خود مسئلے کے ساتھ الجھایا نہیں جانا چاہئے۔	ایک کمپیوٹیشنل مسئلے کی ان پٹ سٹرنگ کو کیا نام دیا جاتا ہے؟	ایک بورڈللل کو کیا لئے ایک اور کیا کیا ہے؟	ایک بورڈیشنل کول کرنے کے لئے کیا استعمال کیا جاتا ہے؟ اسے کیا کہا جاتا ہے؟
اس کے برعکس ، اس مسئلے کی ایک مثال ایک <ans> کنکریٹ </ans> بیان ہے ، جو فیصلے کے مسئلے کے لئے ان پٹ کے طور پر کام کرسکتا ہے۔	کیا ایک مسئلہ مثال عام طور پر تجریدی یا کنکریٹ کے طور پر خصوصیات ہے؟	اس فیصلے کے فیصلے کے لئے کیا کے لئے کیا ہے؟	اس فیصلے کے فیصلے کے فیصلے کو کیا کرنے کے لئے کس طرح بیان کیا جا سکتا ہے؟
کمپیوٹیشنل پیچیدگی کے نظریہ میں ، ایک مسئلہ حل کرنے کے لئے <ans> تجریدی </ans> سوال کا حوالہ دیتا ہے۔	کیا ایک مسئلہ مثال عام طور پر تجریدی یا کنکریٹ کے طور پر خصوصیات ہے؟	کمپیوٹل سائنس سائنس کا حل کرنے کے لئے کیا قسم کا حوالہ دیتی ہے؟	کمپیوٹل سائنس سائنس کا حل کرنے کے لئے کس قسم کا حوالہ دیتی ہے؟
ایک کمپیوٹیشنل مسئلہ کو ہر مثال کے لئے ایک حل کے ساتھ مل کر <ans> مثالوں </ans> کے لامحدود مجموعہ کے طور پر دیکھا جاسکتا ہے۔	کسی مسئلے سے منسلک ان پٹ کے کسی بھی دیئے گئے پیمائش کے لئے ایک اور نام کیا ہے؟	ایک ایک کاؤنٹر ایک روب کے کو ایک ممتاز کیا جا سکتا ہے؟	ایک طبل ایک ہدایات کو کس طرح دیکھا جا سکتا ہے؟
دوسرے طریقے سے ، <ans> مثال </ans> مسئلے کا ایک خاص ان پٹ ہے ، اور حل دیئے گئے ان پٹ سے متعلق آؤٹ پٹ ہے۔	کسی مسئلے سے منسلک ان پٹ کے کسی بھی دیئے گئے پیمائش کے لئے ایک اور نام کیا ہے؟	کیا ایک دوسرے عنصر کے ساتھ کیا ہے ہے؟	اس فیصلے کو کیا کہا جاتا ہے؟
دوسرے طریقے سے ، <ans> مثال </ans> مسئلے کا ایک خاص ان پٹ ہے۔	کسی مسئلے سے منسلک ان پٹ کے کسی بھی دیئے گئے پیمائش کے لئے ایک اور نام کیا ہے؟	کیا ایک دوسرے کےے میں ایک کی ایک مثال کیا ہے؟	پوپر کے مسئلے کے علاوہ، کس قسم کے فیصلے کا حوالہ دیتی ہے؟
ایک کمپیوٹیشنل مسئلہ کو ہر مثال کے لئے <ans> حل </ans> کے ساتھ مل کر مثالوں کے لامحدود مجموعہ کے طور پر دیکھا جاسکتا ہے۔	ایک مسئلہ مثال میں کسی بھی دیئے گئے ان پٹ کے لئے آؤٹ پٹ کی وضاحت کرنے کے لئے استعمال کیا عام اصطلاح کیا ہے؟	ایک ایک کاؤنٹرل کو ایک ہدایات کے ہدایات کے ہدایات کے ساتھ کیا کے ساتھ کیا کے ساتھ کیا دیکھا جا سکتا ہے؟	ایک طبل کو ایک ہدایات کے ہدایات کے ہدایات کے ہدایات کے ساتھ کیا کے لئےطور پر دیکھا جا سکتا ہے؟
دوسرے طریقے سے ، مثال مسئلے میں ایک خاص ان پٹ ہے ، اور <ans> حل </ans> دیئے گئے ان پٹ سے متعلق آؤٹ پٹ ہے۔	ایک مسئلہ مثال میں کسی بھی دیئے گئے ان پٹ کے لئے آؤٹ پٹ کی وضاحت کرنے کے لئے استعمال کیا عام اصطلاح کیا ہے؟	ان پٹگریشن ان پٹ سے ان پٹ سے ان پٹ کیا آؤٹ پٹ ان پٹ کیا کیا ہے؟	اگر انگریشن ان پٹ ان پٹ آؤٹ پٹ آؤٹ ان پٹ آؤٹ پٹ آؤٹ پٹ ان پٹ سے منسلک ہے؟ ہے؟
اس وجہ سے ، پیچیدگی کا نظریہ <ans> کمپیوٹیشنل مسائل </ans> کو حل کرتا ہے نہ کہ خاص مسائل کے معاملات۔	کمپیوٹیشنل پیچیدگی کا نظریہ خاص طور پر کیا جواب دینے کی کوشش کرتا ہے؟	دائ کا نظریہ کا نظریہ کیا ہے؟	پیچیدگی کا نظریہ کا نظریہ کیا ہے؟ ہے؟
کمپیوٹیشنل مسائل پر غور کرتے وقت ، ایک <ans> مسئلہ مثال </ans> ایک حروف تہجی پر ایک تار ہے۔	ایک کمپیوٹیشنل مسئلے میں، ایک حروف تہجی پر ایک تار کے طور پر کیا بیان کیا جا سکتا ہے؟	ایک کمپیوٹل پر ایک تہجی تہجی پر ایک تہجی تہجی تہجی تہجی پر ایک تہجی کیا	ایک کمپیوٹل پر ایک تہجی پر ایک تہجی تہجی تہجی پر تہجی تہجی تہجی کیاجی
کمپیوٹیشنل مسائل پر غور کرتے وقت ، <ans> مسئلہ کی مثال </ans> ایک حروف تہجی پر ایک تار ہے۔	ایک کمپیوٹیشنل مسئلے میں، ایک حروف تہجی پر ایک تار کے طور پر کیا بیان کیا جا سکتا ہے؟	ایک کمپیوٹلل پر ایک تہجی تہجی پر ایک تہجی تہجی کیا ہے؟	ایک کمپیوٹل کا ایک کیا تہجی پر ایک تہجی تہجی پر ایک تہجی تہجی ہے؟
عام طور پر ، حروف تہجی کو <ans> بائنری حروف تہجی </ans> (یعنی ، سیٹ {0,1}) سمجھا جاتا ہے ، اور اس طرح سٹرنگ بٹ سٹرنگس ہیں۔	ایک مسئلہ مثال میں سب سے زیادہ عام طور پر استعمال کیا جاتا ہے حروف تہجی کا نام کیا ہے؟	حروف تہجیجیجیجی کیا کیا کہا جاتا ہے؟	حروف تہجیجیجی کو کیا کہا جاتا ہے؟
عام طور پر ، حروف تہجی کو <ans> بائنری </ans> حروف تہجی (یعنی ، سیٹ {0,1}) سمجھا جاتا ہے ، اور اس طرح سٹرنگ بٹ سٹرنگس ہیں۔	ایک مسئلہ مثال میں سب سے زیادہ عام طور پر استعمال کیا جاتا ہے حروف تہجی کا نام کیا ہے؟	حروف تہجیجیجیجیجیجیجیجیجیجیجیجیجیجیجیجی کیا ہے؟	حروف تہجیجیجیجیجیجیجیجیجیجیجیجیجی کیا ہے؟
عام طور پر ، حروف تہجی کو <ans> بائنری </ans> حروف تہجی (یعنی ، سیٹ {0,1}) سمجھا جاتا ہے ، اور اس طرح سٹرنگ بٹ سٹرنگس ہیں۔	ایک مسئلہ مثال میں سب سے زیادہ عام طور پر استعمال کیا جاتا ہے حروف تہجی کا نام کیا ہے؟	حروف تہجیجیجیجیجیجیجیجیجیجیجیجیجیجیجیجی کیا ہے؟	حروف تہجیجیجیجیجیجیجیجیجیجیجیجیجی کیا ہے؟
عام طور پر ، حروف تہجی کو بائنری حروف تہجی سمجھا جاتا ہے (یعنی ، سیٹ {0,1}) ، اور اس طرح تاریں <ans> بٹ سٹرنگس </ans> ہیں۔	ایک مسئلہ مثال کے سٹرنگ کے لئے ایک اور اصطلاح کیا ہے؟	تہجیجیجیجیجیجیجیجیجیجیجیجیجیجیجیجیجیجیجیجیجیجیجیجیجیجی	حروف تہجیجیجیجیجیجیجیجیجیجیجیجیجیجیجیجیجیجیجیجیجیجیجیجیجی
مثال کے طور پر ، انٹیجرز کو <ans> بائنری نوٹیشن </ans> میں نمائندگی کی جاسکتی ہے ، اور گراف کو براہ راست ان کے ملحقہ میٹرکس کے ذریعے ، یا ان کی ملحقہ فہرستوں کو بائنری میں انکوڈ کرکے انکوڈ کیا جاسکتا ہے۔	ریاضیاتی اشیاء کی انکوڈنگ میں، وہ طریقہ کیا ہے جس میں انٹیجر عام طور پر ظاہر کیے جاتے ہیں؟	انجامرز کی نمائندگی کرنے کے لیے کس قسم کی جا سکتی ہے؟	انجامرز انجام دینے کے لیے کیا استعمال کیا جا سکتا ہے؟
مثال کے طور پر ، انٹیجرز کو بائنری نوٹیشن میں نمائندگی کی جاسکتی ہے ، اور گراف کو براہ راست ان کے <ans> ایڈجینسٹی میٹرکس </ans> کے ذریعے ، یا ان کی ایڈجینسٹی لسٹس کو بائنری میں انکوڈ کرکے انکوڈ کیا جاسکتا ہے۔	گراف کو انکوڈ کرنے کا ایک طریقہ کیا ہے؟	انٹرنیٹ کو کیا کو کیا کرنے کی کیا جا سکتا ہے؟	انٹرنیٹ کو انجام دینے کے لیے کیا استعمال کیا جا سکتا ہے؟
مثال کے طور پر ، انٹیجرز کو بائنری نوٹیشن میں نمائندگی کی جاسکتی ہے ، اور گراف کو <ans> براہ راست ان کے ملحقہ میٹرکس کے ذریعے </ans> یا ان کی ملحقہ فہرستوں کو بائنری میں انکوڈ کرکے انکوڈ کیا جاسکتا ہے۔	گراف کو انکوڈ کرنے کا ایک طریقہ کیا ہے؟	طور پر  کی ترکیب کو کیا کیا جا سکتا ہے؟	ایک  کی ترکیب میں کیا شامل کیا جا سکتا ہے؟
<ans> فیصلے کے مسائل </ans> کمپیوٹیشنل پیچیدگی کے نظریہ میں مطالعہ کے مرکزی اشیاء میں سے ایک ہیں۔	کمپیوٹیشنل پیچیدگی کے نظریہ میں کس قسم کے مسائل کا مطالعہ کیا جاتا ہے؟	لیبنیل سائنس کے مطالعہ کے مطالعہ کیا ہے؟	لیبنییشنلولوجی کا مطالعہ کیا ہے؟
<ans> فیصلہ </ans> کے مسائل کمپیوٹیشنل پیچیدگی کے نظریہ میں مطالعہ کے مرکزی اشیاء میں سے ایک ہیں۔	کمپیوٹیشنل پیچیدگی کے نظریہ میں کس قسم کے مسائل کا مطالعہ کیا جاتا ہے؟	لیبنییشنلیشن کے مطالعہ کس شعبے میں مطالعہ کیا گیا ہے؟	لیبنی انسٹی ٹیوٹ کس شعبے میں مطالعہ کیا گیا ہے؟
فیصلہ کا مسئلہ ایک خاص قسم کا کمپیوٹیشنل مسئلہ ہے جس کا جواب یا تو ہاں یا نہیں ، یا متبادل طور پر یا تو <ans> 1 یا 0 </ans> ہے۔	ایک فیصلے کے مسئلے کے دو انٹیجر جوابات کیا ہیں؟	ایک کیمیائی کا کا ایک مسئلہ کیا ہے؟	" ⁇ ""زن ⁇  ⁇ "" ⁇ "" کا کیا مطلب ہے؟"
فیصلہ کا مسئلہ ایک خاص قسم کا کمپیوٹیشنل مسئلہ ہے جس کا جواب یا تو <ans> ہاں </ans> یا نہیں ، یا متبادل طور پر یا تو 1 یا 0 ہے۔	ایک فیصلے کے مسئلے کی زبان کے ایک رکن کے لئے پیداوار کیا ہو جائے گا؟	ایک جسمانی کا کا ایک مسئلہ کیا ہے؟	الجھن کا کا ایک مسئلہ کیا ہے؟
فیصلہ کا مسئلہ ایک خاص قسم کا کمپیوٹیشنل مسئلہ ہے جس کا جواب یا تو <ans> ہاں </ans> یا نہیں ، یا متبادل طور پر یا تو 1 یا 0 ہے۔	کون سا جواب اشارہ کرتا ہے کہ ایک الگورتھم نے ان پٹ سٹرنگ کو قبول کیا ہے؟	ایک جسمانی کا کا ایک مسئلہ کیا ہے؟	الجھن کا کا ایک مسئلہ کیا ہے؟
ان پٹ ایک <ans> صرفی گراف </ans> ہے۔	کس قسم کا گراف ایک فیصلے کے مسئلے میں استعمال ہونے والے ان پٹ کی ایک مثال ہے؟	ان پٹ کے مطابق ان کی تعریف کیا ہے؟	ان پٹ کیا ہے؟
ان پٹ ایک <ans> منصفانہ </ans> گراف ہے۔	کس قسم کا گراف ایک فیصلے کے مسئلے میں استعمال ہونے والے ان پٹ کی ایک مثال ہے؟	ان پٹری کیا ہے؟	ان پٹ کیا ہے؟
ان پٹ ایک <ans> منصفانہ </ans> گراف ہے۔	کس قسم کا گراف ایک فیصلے کے مسئلے میں استعمال ہونے والے ان پٹ کی ایک مثال ہے؟	ان پٹری کیا ہے؟	ان پٹ کیا ہے؟
اس فیصلے کے مسئلے سے وابستہ <ans> رسمی زبان </ans> پھر تمام جڑے ہوئے گرافوں کا مجموعہ ہے۔	اس فیصلے کے مسئلے سے متعلق تمام منسلک گرافوں کے سیٹ کے لئے اصطلاح کیا ہے؟	ایوسینا کے علاوہ، کون سی زبان اپنے  کے لئےے میں؟	ایوسینا کے علاوہ، کون سی زبان اپنے شکلوں سے منسلک ہونے والے لہجے کو کیا کہا جاتا ہے؟
اس فیصلے کے مسئلے سے وابستہ <ans> رسمی زبان </ans> پھر تمام جڑے ہوئے گرافوں کا مجموعہ ہے۔	اس فیصلے کے مسئلے سے متعلق تمام منسلک گرافوں کے سیٹ کے لئے اصطلاح کیا ہے؟	ایوسینا کے علاوہ، کون سی زبان اپنے  کے لئےے میں؟	ایوسینا کے علاوہ، کون سی زبان اپنے شکلوں سے منسلک ہونے والے لہجے کو کیا کہا جاتا ہے؟
<ans> اس فیصلے کے مسئلے سے وابستہ باضابطہ زبان </ans> پھر تمام منسلک گرافوں کا مجموعہ ہے۔	اس فیصلے کے مسئلے سے متعلق تمام منسلک گرافوں کے سیٹ کے لئے اصطلاح کیا ہے؟	تمام  تمام وں کے درمیان کیا ہے؟	تمام ڈراموں کے  طور پر کیا سمجھا جاتا ہے؟
یقینا ، اس زبان کی عین مطابق تعریف حاصل کرنے کے لئے ، کسی کو یہ فیصلہ کرنا ہوگا کہ <ans> گراف کو بائنری سٹرنگ کے طور پر کیسے انکوڈ کیا جاتا ہے۔ </ans>	رسمی زبان کی عین مطابق تعریف کا تعین کرنے کے لئے کون سا انکوڈنگ فیصلہ کرنے کی ضرورت ہے؟	کاتالان زبان کی تعریف تعریف کیسے کی؟	کاتالان زبان کی تعریف تعریف تعریف کیسے کی جاتی ہے؟
ایک فنکشن مسئلہ <ans> ایک کمپیوٹیشنل مسئلہ </ans> ہے جہاں ہر ان پٹ کے لئے ایک واحد آؤٹ پٹ (ایک کل فنکشن کا) کی توقع کی جاتی ہے ، لیکن آؤٹ پٹ فیصلے کے مسئلے سے زیادہ پیچیدہ ہے ، یعنی ، یہ صرف ہاں یا نہیں ہے۔	ایک فنکشن مسئلہ کیا کی ایک مثال ہے؟	ایک ایک ایک ایک فنکشن کے لئے ایک فنکشن کیا ہے؟	ایک کی ایک کے لئے ایک فنکشن کیا ہے؟ ہے؟
ایک فنکشن مسئلہ ایک کمپیوٹیشنل مسئلہ ہے جہاں ہر ان پٹ کے لئے <ans> ایک واحد آؤٹ پٹ </ans> (ایک کل فنکشن کا) کی توقع کی جاتی ہے ، لیکن آؤٹ پٹ فیصلے کے مسئلے کے مقابلے میں زیادہ پیچیدہ ہے ، یعنی ، یہ صرف ہاں یا نہیں ہے۔	ایک فنکشن مسئلے میں ہر ان پٹ کے لئے کتنے آؤٹ پٹ کی توقع کی جاتی ہے؟	ایک ایک فنکشن کی ایک فنکشن فنکشن فنکشن کی ایک فنکشن فنکشن کیا ہے؟	ایک ایک فنکشن کے لئے ایک فنکشن کے لئے ایک فنکشن کیا ہے؟ ہے؟ اسے کیا کہا جاتا ہے؟
ایک فنکشن مسئلہ ایک کمپیوٹیشنل مسئلہ ہے جہاں ہر ان پٹ کے لئے ایک <ans> سنگل </ans> آؤٹ پٹ (ایک کل فنکشن کا) کی توقع کی جاتی ہے ، لیکن آؤٹ پٹ فیصلے کے مسئلے سے زیادہ پیچیدہ ہے ، یعنی ، یہ صرف ہاں یا نہیں ہے۔	ایک فنکشن مسئلے میں ہر ان پٹ کے لئے کتنے آؤٹ پٹ کی توقع کی جاتی ہے؟	ایک ایک ایک فنکشن کے لئے ایک فنکشن کی ایک فنکشن کیا ہے؟	ایک ایک فنکشن کے لئے ایک فنکشن کیا ہے؟ ہے؟ اسے کیا کہا جاتا ہے؟
ایک فنکشن مسئلہ ایک کمپیوٹیشنل مسئلہ ہے جہاں ہر ان پٹ کے لئے ایک <ans> سنگل </ans> آؤٹ پٹ (ایک کل فنکشن کا) کی توقع کی جاتی ہے ، لیکن آؤٹ پٹ فیصلے کے مسئلے سے زیادہ پیچیدہ ہے ، یعنی ، یہ صرف ہاں یا نہیں ہے۔	ایک فنکشن مسئلے میں ہر ان پٹ کے لئے کتنے آؤٹ پٹ کی توقع کی جاتی ہے؟	ایک ایک ایک فنکشن کے لئے ایک فنکشن کی ایک فنکشن کیا ہے؟	ایک ایک فنکشن کے لئے ایک فنکشن کیا ہے؟ ہے؟ اسے کیا کہا جاتا ہے؟
<ans> ایک فنکشن مسئلہ </ans> ایک کمپیوٹیشنل مسئلہ ہے جہاں ہر ان پٹ کے لئے ایک واحد آؤٹ پٹ (ایک کل فنکشن کا) کی توقع کی جاتی ہے ، لیکن آؤٹ پٹ فیصلے کے مسئلے سے زیادہ پیچیدہ ہے ، یعنی ، یہ صرف ہاں یا نہیں ہے۔	سفر کرنے والے تاجر کا مسئلہ کس قسم کے مسئلے کی ایک مثال ہے؟	ایک ایک مجاز کیا ہے جو ایک ایک کے لئے ایک فنکشن ہے؟	ایک ایک مجاز کیا ہے؟
ایک <ans> فنکشن </ans> مسئلہ ایک کمپیوٹیشنل مسئلہ ہے جہاں ہر ان پٹ کے لئے ایک واحد آؤٹ پٹ (ایک کل فنکشن کا) کی توقع کی جاتی ہے ، لیکن آؤٹ پٹ فیصلے کے مسئلے سے زیادہ پیچیدہ ہے ، یعنی ، یہ صرف ہاں یا نہیں ہے۔	سفر کرنے والے تاجر کا مسئلہ کس قسم کے مسئلے کی ایک مثال ہے؟	ایک ایک ایک ایک فنکشن کی ایک فنکشن فنکشن کیا ہے؟	ایک قسم کی مداخلت میں ایک فنکشن کی ایک فنکشن کیا ہے؟ ہے؟
ایک <ans> فنکشن مسئلہ </ans> ایک کمپیوٹیشنل مسئلہ ہے جہاں ہر ان پٹ کے لئے ایک واحد آؤٹ پٹ (ایک کل فنکشن کا) کی توقع کی جاتی ہے ، لیکن آؤٹ پٹ فیصلے کے مسئلے کے مقابلے میں زیادہ پیچیدہ ہے ، یعنی ، یہ صرف ہاں یا نہیں ہے۔	سفر کرنے والے تاجر کا مسئلہ کس قسم کے مسئلے کی ایک مثال ہے؟	ایک ایک مجاز ایک فنکشن کی ایک فنکشن کیا ہے؟	ایک کمپیوٹر کو کیا کہا جاتا ہے؟
قابل ذکر مثالوں میں سفر کرنے والے سیلزمین کا مسئلہ اور <ans> انٹیجر فیکٹرائزیشن مسئلہ </ans> شامل ہیں۔	سفر کرنے والے بیچنے والے کے مسئلے کے علاوہ ، فنکشن کے مسئلے کی ایک اور مثال کیا ہے؟	ایک قابل ذکر قابل ذکر براڈکاسٹر کیا ہے؟	ایک قابل ذکر الگورتھم کیا ہے ہے جو انہوں کے ساتھ سفر کرنے کے قابل بناتا ہے؟
قابل ذکر مثالوں میں سفر کرنے والے سیلزمین کا مسئلہ اور <ans> انٹیجر فیکٹرائزیشن </ans> کا مسئلہ شامل ہے۔	سفر کرنے والے بیچنے والے کے مسئلے کے علاوہ ، فنکشن کے مسئلے کی ایک اور مثال کیا ہے؟	آٹومن کا کا کا کیا ہے؟	ایک قابل ذکر الگورتھم کیا ہے؟ ہے؟
قابل ذکر مثالوں میں سفر کرنے والے سیلزمین کا مسئلہ اور <ans> انٹیجر فیکٹرائزیشن مسئلہ </ans> شامل ہیں۔	سفر کرنے والے بیچنے والے کے مسئلے کے علاوہ ، فنکشن کے مسئلے کی ایک اور مثال کیا ہے؟	ایک قابل ذکر قابل ذکر براڈکاسٹر کیا ہے؟	ایک قابل ذکر الگورتھم کیا ہے ہے جو انہوں کے ساتھ سفر کرنے کے قابل بناتا ہے؟
ایک فنکشن مسئلہ ایک کمپیوٹیشنل مسئلہ ہے جہاں ہر ان پٹ کے لئے ایک واحد آؤٹ پٹ (ایک کل فنکشن کا) کی توقع کی جاتی ہے ، لیکن آؤٹ پٹ فیصلے کے مسئلے کے مقابلے میں زیادہ <ans> پیچیدہ </ans> ہے ، یعنی ، یہ صرف ہاں یا نہیں ہے۔	کیا ایک فنکشنل مسئلے کی پیداوار عام طور پر ایک سادہ یا پیچیدہ جواب کی طرف سے خصوصیات ہے؟	آؤٹ پٹ ڈیوائس کے کیا کیا ہے؟	آؤٹ پٹ ڈیوائس کیا ہے؟ ہے؟
یہ سوچنے کا لالچ ہے کہ فنکشن کے مسائل کا تصور <ans> فیصلے کے مسائل </ans> کے تصور سے بہت زیادہ امیر ہے۔	فنکشن کے مسائل کو عام طور پر کس طرح دوبارہ بیان کیا جاسکتا ہے؟	ہائیک کے تصور تصور تصور تصور کا تصور کس تصور سے زیادہ ہے؟	ہائیک کا خیال ہے کہ تصور کے تصور کا تصور کس تصور سے زیادہ ہے ہے؟
تاہم ، یہ واقعی ایسا نہیں ہے ، کیونکہ فنکشن کے مسائل کو <ans> فیصلے کے مسائل کے طور پر </ans> دوبارہ تشکیل دیا جاسکتا ہے۔	فنکشن کے مسائل کو عام طور پر کس طرح دوبارہ بیان کیا جاسکتا ہے؟	کیا کی  کے کے کے کے دوبارہ دوبارہ تشکیل دیا جا سکتا ہے؟	پھیلاؤ کی افادیت کے بارے میں کس طرح دوبارہ تشکیل دیا جا سکتا ہے؟
تاہم ، یہ واقعی ایسا نہیں ہے ، کیونکہ فنکشن کے مسائل کو <ans> فیصلے کے مسائل کے طور پر </ans> دوبارہ تشکیل دیا جاسکتا ہے۔	فنکشن کے مسائل کو عام طور پر کس طرح دوبارہ بیان کیا جاسکتا ہے؟	کیا کی  کے کے کے کے دوبارہ دوبارہ تشکیل دیا جا سکتا ہے؟	پھیلاؤ کی افادیت کے بارے میں کس طرح دوبارہ تشکیل دیا جا سکتا ہے؟
مثال کے طور پر ، دو انٹیجرز کی ضرب کو <ans> تینوں کا مجموعہ </ans> (a ، b ، c) کے طور پر ظاہر کیا جاسکتا ہے تاکہ تعلق a × b = c برقرار رہے۔	اگر دو پورے اعداد کو ضرب دی جائے اور ایک قدر نکل آئے تو اس اظہار سیٹ کو کیا کہا جاتا ہے؟	دو عناصر کی ان کی وضاحت کی وضاحت کیسے کیا جا سکتا ہے؟	دو انٹیجرز کی دو اقسام کیا ہیں؟ کیا جا سکتا ہے؟
یہ فیصلہ کرنا کہ آیا ایک دیئے گئے <ans> ٹرپل </ans> اس سیٹ کا ممبر ہے یا نہیں دو نمبروں کی ضرب کے مسئلے کو حل کرنے کے مطابق ہے۔	اگر دو پورے اعداد کو ضرب دی جائے اور ایک قدر نکل آئے تو اس اظہار سیٹ کو کیا کہا جاتا ہے؟	"کیا یہ خیال ہے کہ ایک  ⁇ "" کے  ⁇ "" کے  ⁇ "" کے  ⁇ "" کے طور پر"	یہوواہ کے گواہوں کو کیا کرنے کے لئے کس قسم کا سیٹ سیٹ کا استعمال کیا جاتا ہے؟
مثال کے طور پر ، دو انٹیجرز کی ضرب کو <ans> تینوں (a ، b ، c) کا مجموعہ </ans> کے طور پر ظاہر کیا جاسکتا ہے جس میں رشتہ a × b = c ہوتا ہے۔	اگر دو پورے اعداد کو ضرب دی جائے اور ایک قدر نکل آئے تو اس اظہار سیٹ کو کیا کہا جاتا ہے؟	دو عناصر کی ان عناصر کو انجام دینے کے لئے کیا استعمال کیا جا سکتا ہے؟	دو انٹیجرز کی دو اقسام کیا ہیں؟ کیا جا سکتا ہے؟
کمپیوٹیشنل مسئلے کو حل کرنے کی دشواری کی پیمائش کرنے کے لئے ، کوئی یہ دیکھنا چاہتا ہے کہ مسئلہ کو حل کرنے کے لئے بہترین الگورتھم کو کتنا <ans> وقت </ans> درکار ہے۔	ایک کمپیوٹیشنل مسئلہ کی پیچیدگی کا تعین کرنے کے لئے استعمال کیا جاتا ایک عام طور پر استعمال کیا پیمائش کیا ہے؟	ایک کارروائی کو حل کرنے کے لئے کیا کارروائی کے لئے کیا استعمال کیا جاتا ہے؟	"ایک کارروائی کو حل کرنے کے لئے  ⁇ ""مشر کارروائی ⁇ "" کے  ⁇ "" کے پاس کتنی ہوگی؟"
کمپیوٹیشنل مسئلے کو حل کرنے کی دشواری کی پیمائش کرنے کے لئے ، کوئی یہ دیکھنا چاہتا ہے کہ مسئلہ کو حل کرنے کے لئے بہترین الگورتھم کو کتنا <ans> وقت </ans> درکار ہے۔	ایک کمپیوٹیشنل مسئلہ کی پیچیدگی کا تعین کرنے کے لئے استعمال کیا جاتا ایک عام طور پر استعمال کیا پیمائش کیا ہے؟	ایک کارروائی کو حل کرنے کے لئے کیا کارروائی کے لئے کیا استعمال کیا جاتا ہے؟	"ایک کارروائی کو حل کرنے کے لئے  ⁇ ""مشر کارروائی ⁇ "" کے  ⁇ "" کے پاس کتنی ہوگی؟"
